GAME_ID,TEAM_ID,TEAM_CITY,TEAM_NAME,TEAM_ABBREVIATION,teamSlug,PLAYER_ID,firstName,familyName,NICKNAME,playerSlug,position,comment,jerseyNum,MIN,E_OFF_RATING,OFF_RATING,E_DEF_RATING,DEF_RATING,E_NET_RATING,NET_RATING,AST_PCT,AST_TOV,AST_RATIO,OREB_PCT,DREB_PCT,REB_PCT,TM_TOV_PCT,EFG_PCT,TS_PCT,USG_PCT,E_USG_PCT,E_PACE,PACE,PACE_PER40,POSS,PIE,PLAYER_NAME
0021700097,1610612753,Orlando,Magic,ORL,magic,203095,Evan,Fournier,E. Fournier,evan-fournier,F,,,34:21,105.1,105.1,89.3,89.3,15.8,15.8,0.174,0.8,18.2,0.0,0.079,0.043,22.7,0.75,0.776,0.22,0.22,106.92,106.92,89.1,78.0,0.125,Evan Fournier
0021700097,1610612753,Orlando,Magic,ORL,magic,203932,Aaron,Gordon,A. Gordon,aaron-gordon,F,,,18:20,102.6,102.6,102.6,102.6,0.0,0.0,0.1,0.25,5.6,0.059,0.429,0.226,22.2,0.654,0.632,0.415,0.415,102.11,102.11,85.09,39.0,0.149,Aaron Gordon
0021700097,1610612753,Orlando,Magic,ORL,magic,202696,Nikola,Vučević,N. Vučević,nikola-vučević,C,,,31:44,97.2,97.2,92.8,92.8,4.4,4.4,0.176,0.0,14.3,0.0,0.25,0.123,0.0,0.559,0.559,0.237,0.237,105.88,105.88,88.24,71.0,0.167,Nikola Vučević
0021700097,1610612753,Orlando,Magic,ORL,magic,203082,Terrence,Ross,T. Ross,terrence-ross,G,,,30:42,104.5,104.5,90.8,90.8,13.8,13.8,0.125,3.0,25.0,0.032,0.097,0.065,8.3,0.5,0.508,0.127,0.127,102.41,102.41,85.34,66.0,0.081,Terrence Ross
0021700097,1610612753,Orlando,Magic,ORL,magic,201571,D.J.,Augustin,D. Augustin,dj-augustin,G,,,23:01,101.9,101.9,98.0,98.0,3.8,3.8,0.222,4.0,33.3,0.0,0.045,0.022,8.3,0.2,0.444,0.143,0.143,108.44,108.44,90.37,53.0,0.094,D.J. Augustin
0021700097,1610612753,Orlando,Magic,ORL,magic,1628371,Jonathan,Isaac,J. Isaac,jonathan-isaac,,,,15:00,112.5,112.5,87.5,87.5,25.0,25.0,0.077,0.0,20.0,0.154,0.238,0.206,0.0,0.5,0.5,0.118,0.118,102.37,102.37,85.3,32.0,0.098,Jonathan Isaac
0021700097,1610612753,Orlando,Magic,ORL,magic,203613,Jonathon,Simmons,J. Simmons,jonathon-simmons,,,,28:26,114.3,114.3,98.3,98.3,16.0,16.0,0.2,1.0,18.2,0.04,0.138,0.093,18.2,0.625,0.704,0.265,0.265,103.82,103.82,86.52,63.0,0.151,Jonathon Simmons
0021700097,1610612753,Orlando,Magic,ORL,magic,201578,Marreese,Speights,M. Speights,marreese-speights,,,,21:21,124.5,124.5,89.4,89.4,35.1,35.1,0.214,0.0,21.4,0.0,0.217,0.119,0.0,0.818,0.818,0.208,0.208,107.92,107.92,89.93,49.0,0.183,Marreese Speights
0021700097,1610612753,Orlando,Magic,ORL,magic,202687,Bismack,Biyombo,B. Biyombo,bismack-biyombo,,,,8:10,105.3,105.3,133.3,133.3,-28.1,-28.1,0.0,0.0,0.0,0.143,0.0,0.077,0.0,0.0,0.0,0.05,0.05,108.73,108.73,90.61,19.0,-0.082,Bismack Biyombo
0021700097,1610612753,Orlando,Magic,ORL,magic,202714,Shelvin,Mack,S. Mack,shelvin-mack,,,,19:57,120.0,120.0,102.3,102.3,17.7,17.7,0.19,0.0,57.1,0.0,0.095,0.053,0.0,0.0,0.0,0.063,0.063,105.86,105.86,88.22,45.0,0.043,Shelvin Mack
0021700097,1610612753,Orlando,Magic,ORL,magic,1626209,Mario,Hezonja,M. Hezonja,mario-hezonja,,,,6:48,87.5,87.5,128.6,128.6,-41.1,-41.1,0.0,0.0,0.0,0.0,0.0,0.0,50.0,1.0,1.0,0.118,0.118,105.88,105.88,88.24,16.0,0.036,Mario Hezonja
0021700097,1610612753,Orlando,Magic,ORL,magic,201167,Arron,Afflalo,A. Afflalo,arron-afflalo,,,,1:05,66.7,66.7,0.0,0.0,66.7,66.7,0.0,0.0,0.0,0.0,0.0,0.0,0.0,0.0,0.0,0.0,0.0,110.77,110.77,92.31,3.0,0.0,Arron Afflalo
0021700097,1610612753,Orlando,Magic,ORL,magic,203920,Khem,Birch,K. Birch,khem-birch,,,,1:05,66.7,66.7,0.0,0.0,66.7,66.7,0.0,0.0,0.0,0.0,0.0,0.0,0.0,0.0,0.0,0.0,0.0,110.77,110.77,92.31,3.0,0.0,Khem Birch
0021700097,1610612740,New Orleans,Pelicans,NOP,pelicans,201967,Dante,Cunningham,D. Cunningham,dante-cunningham,F,,,24:58,75.5,75.5,114.8,114.8,-39.3,-39.3,0.071,1.0,9.1,0.094,0.1,0.096,9.1,0.444,0.444,0.161,0.161,102.86,102.86,85.71,53.0,0.022,Dante Cunningham
0021700097,1610612740,New Orleans,Pelicans,NOP,pelicans,203076,Anthony,Davis,A. Davis,anthony-davis,F,,,41:24,100.0,100.0,104.3,104.3,-4.3,-4.3,0.091,1.0,6.5,0.079,0.167,0.125,6.5,0.65,0.733,0.296,0.296,106.09,106.09,88.41,91.0,0.218,Anthony Davis
0021700097,1610612740,New Orleans,Pelicans,NOP,pelicans,202326,DeMarcus,Cousins,D. Cousins,demarcus-cousins,C,,,38:45,94.0,94.0,103.6,103.6,-9.5,-9.5,0.269,1.17,25.9,0.0,0.308,0.16,22.2,0.429,0.416,0.222,0.222,104.05,104.05,86.71,84.0,0.089,DeMarcus Cousins
0021700097,1610612740,New Orleans,Pelicans,NOP,pelicans,202734,E'Twaun,Moore,E. Moore,etwaun-moore,G,,,31:56,79.4,79.4,113.2,113.2,-33.8,-33.8,0.176,0.0,21.4,0.0,0.148,0.063,0.0,0.364,0.364,0.151,0.151,102.21,102.21,85.18,68.0,0.076,E'Twaun Moore
0021700097,1610612740,New Orleans,Pelicans,NOP,pelicans,201950,Jrue,Holiday,J. Holiday,jrue-holiday,G,,,34:51,97.4,97.4,100.0,100.0,-2.6,-2.6,0.333,1.33,33.3,0.0,0.114,0.058,25.0,0.556,0.557,0.186,0.186,106.04,106.04,88.37,77.0,0.094,Jrue Holiday
0021700097,1610612740,New Orleans,Pelicans,NOP,pelicans,2749,Jameer,Nelson,J. Nelson,jameer-nelson,,,,24:53,94.4,94.4,121.4,121.4,-27.0,-27.0,0.333,3.0,42.9,0.0,0.048,0.022,14.3,0.417,0.417,0.145,0.145,106.1,106.1,88.41,54.0,0.018,Jameer Nelson
0021700097,1610612740,New Orleans,Pelicans,NOP,pelicans,1627767,Cheick,Diallo,C. Diallo,cheick-diallo,,,,8:57,90.0,90.0,133.3,133.3,-43.3,-43.3,0.0,0.0,0.0,0.154,0.2,0.167,0.0,0.333,0.333,0.13,0.13,109.94,109.94,91.62,20.0,0.025,Cheick Diallo
0021700097,1610612740,New Orleans,Pelicans,NOP,pelicans,203546,Ian,Clark,I. Clark,ian-clark,,,,14:27,131.3,131.3,85.3,85.3,46.0,46.0,0.2,1.5,27.3,0.0,0.111,0.063,18.2,0.417,0.417,0.222,0.222,109.64,109.64,91.37,32.0,0.031,Ian Clark
0021700097,1610612740,New Orleans,Pelicans,NOP,pelicans,2754,Tony,Allen,T. Allen,tony-allen,,,,16:04,113.9,113.9,121.6,121.6,-7.7,-7.7,0.0,0.0,0.0,0.071,0.067,0.069,0.0,0.75,0.75,0.158,0.158,109.05,109.05,90.87,36.0,0.101,Tony Allen
0021700097,1610612740,New Orleans,Pelicans,NOP,pelicans,2746,Josh,Smith,J. Smith,josh-smith,,,,2:40,80.0,80.0,80.0,80.0,0.0,0.0,0.0,0.0,0.0,0.0,0.0,0.0,0.0,0.0,0.0,0.0,0.0,90.0,90.0,75.0,5.0,-0.154,Josh Smith
0021700097,1610612740,New Orleans,Pelicans,NOP,pelicans,203121,Darius,Miller,D. Miller,darius-miller,,,,1:05,0.0,0.0,66.7,66.7,-66.7,-66.7,0.0,0.0,0.0,0.0,0.0,0.0,0.0,0.0,0.0,0.333,0.333,110.77,110.77,92.31,2.0,0.667,Darius Miller
