GAME_ID,GAME_DATE,MATCHUP
0022101227,2022-04-10,ORL vs. MIA
0022101216,2022-04-10,BKN vs. IND
0022101226,2022-04-10,NYK vs. TOR
0022101217,2022-04-10,WAS @ CHA
0022101220,2022-04-10,DEN vs. LAL
0022101230,2022-04-10,UTA @ POR
0022101228,2022-04-10,PHI vs. DET
0022101222,2022-04-10,OKC @ LAC
0022101218,2022-04-10,MIL @ CLE
0022101221,2022-04-10,HOU vs. ATL
0022101224,2022-04-10,MIN vs. CHI
0022101223,2022-04-10,MEM vs. BOS
0022101219,2022-04-10,DAL vs. SAS
0022101229,2022-04-10,PHX vs. SAC
0022101225,2022-04-10,NOP vs. GSW
0022101213,2022-04-09,NOP @ MEM
0022101212,2022-04-09,LAC vs. SAC
0022101214,2022-04-09,PHI vs. IND
0022101215,2022-04-09,SAS vs. GSW
0022101208,2022-04-08,CHA @ CHI
0022101203,2022-04-08,MIL @ DET
0022101205,2022-04-08,BKN vs. CLE
0022101207,2022-04-08,MIA vs. ATL
0022101206,2022-04-08,HOU @ TOR
0022101211,2022-04-08,LAL vs. OKC
0022101209,2022-04-08,DAL vs. POR
0022101204,2022-04-08,NYK @ WAS
0022101210,2022-04-08,PHX @ UTA
0022101201,2022-04-07,DEN vs. MEM
0022101197,2022-04-07,PHI @ TOR
0022101198,2022-04-07,BOS @ MIL
0022101196,2022-04-07,CHA vs. ORL
0022101200,2022-04-07,POR @ NOP
0022101199,2022-04-07,SAS @ MIN
0022101202,2022-04-07,LAL @ GSW
0022101191,2022-04-06,BKN @ NYK
0022101192,2022-04-06,WAS @ ATL
0022101193,2022-04-06,BOS @ CHI
0022101194,2022-04-06,OKC @ UTA
0022101190,2022-04-06,DAL @ DET
0022101195,2022-04-06,PHX @ LAC
0022101186,2022-04-05,DEN vs. SAS
0022101184,2022-04-05,WAS @ MIN
0022101179,2022-04-05,CLE @ ORL
0022101180,2022-04-05,HOU @ BKN
0022101188,2022-04-05,NOP @ SAC
0022101178,2022-04-05,PHI @ IND
0022101189,2022-04-05,PHX vs. LAL
0022101187,2022-04-05,UTA vs. MEM
0022101181,2022-04-05,MIA vs. CHA
0022101182,2022-04-05,TOR vs. ATL
0022101185,2022-04-05,POR @ OKC
0022101183,2022-04-05,MIL @ CHI
0022101175,2022-04-03,SAS vs. POR
0022101167,2022-04-03,MIL vs. DAL
0022101171,2022-04-03,ORL vs. NYK
0022101177,2022-04-03,LAC vs. NOP
0022101170,2022-04-03,PHI @ CLE
0022101172,2022-04-03,MIA @ TOR
0022101166,2022-04-03,BOS vs. WAS
0022101168,2022-04-03,LAL vs. DEN
0022101169,2022-04-03,IND vs. DET
0022101174,2022-04-03,OKC vs. PHX
0022101173,2022-04-03,MIN @ HOU
0022101176,2022-04-03,GSW @ SAC
0022101162,2022-04-02,NYK vs. CLE
0022101164,2022-04-02,MIA @ CHI
0022101165,2022-04-02,UTA @ GSW
0022101163,2022-04-02,ATL vs. BKN
0022101161,2022-04-02,CHA @ PHI
0022101155,2022-04-01,PHX @ MEM
0022101153,2022-04-01,IND @ BOS
0022101160,2022-04-01,LAL vs. NOP
0022101151,2022-04-01,TOR @ ORL
0022101158,2022-04-01,POR @ SAS
0022101152,2022-04-01,WAS vs. DAL
0022101156,2022-04-01,LAC @ MIL
0022101157,2022-04-01,OKC vs. DET
0022101154,2022-04-01,SAC @ HOU
0022101159,2022-04-01,MIN @ DEN
0022101147,2022-03-31,PHI @ DET
0022101149,2022-03-31,LAC @ CHI
0022100452,2022-03-31,ATL vs. CLE
0022101150,2022-03-31,LAL @ UTA
0022101148,2022-03-31,BKN vs. MIL
0022101142,2022-03-30,HOU vs. SAC
0022101140,2022-03-30,CHA @ NYK
0022101141,2022-03-30,TOR vs. MIN
0022101136,2022-03-30,DAL @ CLE
0022101139,2022-03-30,BOS vs. MIA
0022101145,2022-03-30,GSW vs. PHX
0022101137,2022-03-30,DEN @ IND
0022101143,2022-03-30,OKC vs. ATL
0022101138,2022-03-30,ORL @ WAS
0022101146,2022-03-30,POR vs. NOP
0022101144,2022-03-30,SAS vs. MEM
0022101135,2022-03-29,LAC vs. UTA
0022101131,2022-03-29,MIL @ PHI
0022101132,2022-03-29,CHI @ WAS
0022101134,2022-03-29,LAL @ DAL
0022101133,2022-03-29,DET @ BKN
0022101125,2022-03-28,SAC @ MIA
0022101127,2022-03-28,TOR vs. BOS
0022101126,2022-03-28,NYK vs. CHI
0022101128,2022-03-28,SAS @ HOU
0022101130,2022-03-28,POR vs. OKC
0022101129,2022-03-28,MEM vs. GSW
0022101123,2022-03-28,ORL @ CLE
0022101124,2022-03-28,ATL @ IND
0022101122,2022-03-28,CHA vs. DEN
0022101116,2022-03-27,BOS vs. MIN
0022101117,2022-03-27,GSW @ WAS
0022101115,2022-03-27,DET vs. NYK
0022101119,2022-03-27,LAL @ NOP
0022101121,2022-03-27,UTA @ DAL
0022101120,2022-03-27,BKN vs. CHA
0022101118,2022-03-27,PHX vs. PHI
0022101112,2022-03-26,MIL @ MEM
0022101111,2022-03-26,MIA vs. BKN
0022101109,2022-03-26,TOR vs. IND
0022101108,2022-03-26,ORL vs. SAC
0022101110,2022-03-26,CLE vs. CHI
0022101107,2022-03-26,NOP vs. SAS
0022101114,2022-03-26,HOU @ POR
0022101113,2022-03-26,OKC @ DEN
0022101101,2022-03-25,DET vs. WAS
0022101100,2022-03-25,CHA vs. UTA
0022101104,2022-03-25,MIN vs. DAL
0022101105,2022-03-25,POR vs. HOU
0022101102,2022-03-25,ATL vs. GSW
0022101103,2022-03-25,NYK @ MIA
0022101106,2022-03-25,LAC vs. PHI
0022101099,2022-03-24,DEN vs. PHX
0022101095,2022-03-24,CLE @ TOR
0022101097,2022-03-24,WAS @ MIL
0022101098,2022-03-24,CHI @ NOP
0022101096,2022-03-24,IND @ MEM
0022101084,2022-03-23,CHA vs. NYK
0022101088,2022-03-23,MIA vs. GSW
0022101089,2022-03-23,BKN @ MEM
0022101087,2022-03-23,BOS vs. UTA
0022101090,2022-03-23,PHX @ MIN
0022101086,2022-03-23,IND vs. SAC
0022101093,2022-03-23,LAL vs. PHI
0022101091,2022-03-23,ORL @ OKC
0022101094,2022-03-23,SAS @ POR
0022101092,2022-03-23,DAL vs. HOU
0022101085,2022-03-23,DET vs. ATL
0022101080,2022-03-22,GSW @ ORL
0022101082,2022-03-22,MIL vs. CHI
0022101081,2022-03-22,ATL @ NYK
0022101083,2022-03-22,DEN vs. LAC
0022101078,2022-03-21,BOS @ OKC
0022101073,2022-03-21,DET vs. POR
0022101079,2022-03-21,DAL vs. MIN
0022101075,2022-03-21,BKN vs. UTA
0022101072,2022-03-21,LAL @ CLE
0022101077,2022-03-21,WAS @ HOU
0022101076,2022-03-21,TOR @ CHI
0022101074,2022-03-21,PHI vs. MIA
0022101071,2022-03-21,CHA vs. NOP
0022101066,2022-03-20,SAC vs. PHX
0022101070,2022-03-20,SAS @ GSW
0022101062,2022-03-20,POR @ IND
0022101064,2022-03-20,NOP @ ATL
0022101065,2022-03-20,ORL vs. OKC
0022101067,2022-03-20,UTA @ NYK
0022101069,2022-03-20,TOR @ PHI
0022101068,2022-03-20,DEN vs. BOS
0022101063,2022-03-20,HOU vs. MEM
0022101061,2022-03-19,LAL @ WAS
0022101058,2022-03-19,MIL @ MIN
0022101059,2022-03-19,DAL @ CHA
0022101060,2022-03-19,DET @ CLE
0022101047,2022-03-18,MEM @ ATL
0022101052,2022-03-18,OKC @ MIA
0022101056,2022-03-18,CHI @ PHX
0022101050,2022-03-18,WAS @ NYK
0022101051,2022-03-18,TOR vs. LAL
0022101054,2022-03-18,NOP @ SAS
0022101048,2022-03-18,POR @ BKN
0022101053,2022-03-18,HOU vs. IND
0022101055,2022-03-18,LAC @ UTA
0022101057,2022-03-18,BOS @ SAC
0022101049,2022-03-18,DEN @ CLE
0022101046,2022-03-18,DAL @ PHI
0022101045,2022-03-17,ORL vs. DET
0022101040,2022-03-16,OKC @ SAS
0022101034,2022-03-16,CLE vs. PHI
0022101036,2022-03-16,DAL @ BKN
0022101041,2022-03-16,UTA vs. CHI
0022101042,2022-03-16,BOS @ GSW
0022101038,2022-03-16,PHX @ HOU
0022101039,2022-03-16,MIN vs. LAL
0022101043,2022-03-16,SAC vs. MIL
0022101044,2022-03-16,TOR @ LAC
0022101033,2022-03-16,CHA vs. ATL
0022101035,2022-03-16,DEN @ WAS
0022101037,2022-03-16,NYK vs. POR
0022101030,2022-03-15,ORL vs. BKN
0022101029,2022-03-15,MEM @ IND
0022101032,2022-03-15,PHX @ NOP
0022101031,2022-03-15,DET @ MIA
0022101021,2022-03-14,POR @ ATL
0022101028,2022-03-14,TOR @ LAL
0022101024,2022-03-14,SAS vs. MIN
0022101022,2022-03-14,DEN @ PHI
0022101027,2022-03-14,UTA vs. MIL
0022101020,2022-03-14,LAC @ CLE
0022101025,2022-03-14,GSW vs. WAS
0022101026,2022-03-14,CHI @ SAC
0022101023,2022-03-14,CHA @ OKC
0022101012,2022-03-13,BKN vs. NYK
0022101014,2022-03-13,BOS vs. DAL
0022101016,2022-03-13,ATL vs. IND
0022101018,2022-03-13,MEM @ OKC
0022101013,2022-03-13,DET vs. LAC
0022101017,2022-03-13,HOU @ NOP
0022101015,2022-03-13,PHI @ ORL
0022101019,2022-03-13,LAL @ PHX
0022101006,2022-03-12,CLE @ CHI
0022101009,2022-03-12,TOR @ DEN
0022101010,2022-03-12,UTA vs. SAC
0022101007,2022-03-12,SAS vs. IND
0022101011,2022-03-12,WAS @ POR
0022101008,2022-03-12,GSW vs. MIL
0022101005,2022-03-12,MIN @ MIA
0022101002,2022-03-11,UTA @ SAS
0022101000,2022-03-11,MEM vs. NYK
0022100996,2022-03-11,LAC @ ATL
0022101004,2022-03-11,WAS @ LAL
0022100998,2022-03-11,MIA vs. CLE
0022100999,2022-03-11,HOU vs. DAL
0022101001,2022-03-11,CHA @ NOP
0022100995,2022-03-11,MIN @ ORL
0022101003,2022-03-11,TOR @ PHX
0022100997,2022-03-11,DET @ BOS
0022100994,2022-03-10,DEN vs. GSW
0022100993,2022-03-10,PHI vs. BKN
0022100983,2022-03-09,PHX @ MIA
0022100988,2022-03-09,DAL vs. NYK
0022100990,2022-03-09,POR @ UTA
0022100981,2022-03-09,BOS @ CHA
0022100989,2022-03-09,TOR @ SAS
0022100992,2022-03-09,WAS @ LAC
0022100987,2022-03-09,ORL @ NOP
0022100982,2022-03-09,CHI @ DET
0022100985,2022-03-09,HOU vs. LAL
0022100991,2022-03-09,DEN @ SAC
0022100986,2022-03-09,OKC @ MIN
0022100984,2022-03-09,ATL @ MIL
0022100976,2022-03-08,IND vs. CLE
0022100975,2022-03-08,CHA vs. BKN
0022100978,2022-03-08,MEM vs. NOP
0022100979,2022-03-08,OKC vs. MIL
0022100977,2022-03-08,PHX @ ORL
0022100980,2022-03-08,GSW vs. LAC
0022100528,2022-03-07,DEN vs. GSW
0022100973,2022-03-07,LAL @ SAS
0022100971,2022-03-07,POR @ MIN
0022100968,2022-03-07,ATL @ DET
0022100970,2022-03-07,MIA vs. HOU
0022100972,2022-03-07,DAL vs. UTA
0022100969,2022-03-07,PHI vs. CHI
0022100974,2022-03-07,SAC vs. NYK
0022100963,2022-03-06,WAS vs. IND
0022100965,2022-03-06,OKC vs. UTA
0022100962,2022-03-06,TOR @ CLE
0022100966,2022-03-06,LAC vs. NYK
0022100961,2022-03-06,MIL vs. PHX
0022100967,2022-03-06,NOP @ DEN
0022100960,2022-03-06,BOS vs. BKN
0022100964,2022-03-06,MEM @ HOU
0022100954,2022-03-05,SAC @ DAL
0022100956,2022-03-05,MIA vs. PHI
0022100957,2022-03-05,ORL @ MEM
0022100955,2022-03-05,SAS @ CHA
0022100958,2022-03-05,MIN vs. POR
0022100959,2022-03-05,GSW @ LAL
0022100946,2022-03-04,IND @ DET
0022100950,2022-03-04,NOP vs. UTA
0022100949,2022-03-04,CHI vs. MIL
0022100951,2022-03-04,OKC vs. MIN
0022100948,2022-03-04,WAS vs. ATL
0022100947,2022-03-04,CLE @ PHI
0022100953,2022-03-04,PHX vs. NYK
0022100458,2022-03-04,TOR vs. ORL
0022100952,2022-03-04,HOU @ DEN
0022100944,2022-03-03,SAC @ SAS
0022100943,2022-03-03,GSW @ DAL
0022100942,2022-03-03,TOR vs. DET
0022100940,2022-03-03,BOS vs. MEM
0022100945,2022-03-03,LAC vs. LAL
0022100941,2022-03-03,BKN vs. MIA
0022100710,2022-03-03,CHI @ ATL
0022100938,2022-03-02,OKC @ DEN
0022100932,2022-03-02,CLE vs. CHA
0022100933,2022-03-02,IND @ ORL
0022100935,2022-03-02,UTA @ HOU
0022100937,2022-03-02,NOP vs. SAC
0022100939,2022-03-02,POR @ PHX
0022100936,2022-03-02,MIL vs. MIA
0022100934,2022-03-02,NYK @ PHI
0022100930,2022-03-01,MIN vs. GSW
0022100931,2022-03-01,LAL vs. DAL
0022100926,2022-03-01,WAS vs. DET
0022100929,2022-03-01,LAC @ HOU
0022100927,2022-03-01,ATL @ BOS
0022100928,2022-03-01,BKN @ TOR
0022100922,2022-02-28,CHI @ MIA
0022100921,2022-02-28,ORL vs. IND
0022100923,2022-02-28,MEM vs. SAS
0022100920,2022-02-28,MIN @ CLE
0022100925,2022-02-28,OKC vs. SAC
0022100726,2022-02-28,TOR @ BKN
0022100924,2022-02-28,CHA @ MIL
0022100917,2022-02-27,DAL @ GSW
0022100913,2022-02-27,UTA @ PHX
0022100914,2022-02-27,BOS @ IND
0022100912,2022-02-27,PHI @ NYK
0022100915,2022-02-27,CHA vs. DET
0022100916,2022-02-27,LAC @ HOU
0022100918,2022-02-27,POR vs. DEN
0022100919,2022-02-27,NOP @ LAL
0022100906,2022-02-26,TOR @ ATL
0022100907,2022-02-26,CLE vs. WAS
0022100909,2022-02-26,CHI vs. MEM
0022100911,2022-02-26,SAC @ DEN
0022100905,2022-02-26,DET vs. BOS
0022100908,2022-02-26,SAS @ MIA
0022100910,2022-02-26,MIL vs. BKN
0022100899,2022-02-25,WAS vs. SAS
0022100903,2022-02-25,DAL @ UTA
0022100896,2022-02-25,CHA vs. TOR
0022100904,2022-02-25,LAL vs. LAC
0022100900,2022-02-25,NYK vs. MIA
0022100902,2022-02-25,NOP @ PHX
0022100897,2022-02-25,OKC @ IND
0022100901,2022-02-25,MIN vs. PHI
0022100898,2022-02-25,ORL vs. HOU
0022100890,2022-02-24,BKN vs. BOS
0022100894,2022-02-24,POR vs. GSW
0022100891,2022-02-24,ATL @ CHI
0022100893,2022-02-24,PHX @ OKC
0022100889,2022-02-24,CLE @ DET
0022100895,2022-02-24,SAC vs. DEN
0022100892,2022-02-24,MEM @ MIN
0022100464,2022-02-17,WAS @ BKN
0022100888,2022-02-17,HOU @ LAC
0022100887,2022-02-17,PHI @ MIL
0022100885,2022-02-17,CHA vs. MIA
0022100886,2022-02-17,DAL @ NOP
0022100883,2022-02-16,GSW vs. DEN
0022100874,2022-02-16,ATL @ ORL
0022100877,2022-02-16,BKN @ NYK
0022100882,2022-02-16,HOU @ PHX
0022100878,2022-02-16,CHI vs. SAC
0022100879,2022-02-16,MEM vs. POR
0022100880,2022-02-16,MIN vs. TOR
0022100884,2022-02-16,LAL vs. UTA
0022100875,2022-02-16,BOS vs. DET
0022100876,2022-02-16,WAS @ IND
0022100881,2022-02-16,SAS @ OKC
0022100872,2022-02-15,MEM @ NOP
0022100868,2022-02-15,MIA vs. DAL
0022100870,2022-02-15,IND @ MIL
0022100867,2022-02-15,CLE @ ATL
0022100871,2022-02-15,CHA @ MIN
0022100873,2022-02-15,PHX vs. LAC
0022100869,2022-02-15,BOS @ PHI
0022100864,2022-02-14,DEN vs. ORL
0022100862,2022-02-14,POR @ MIL
0022100860,2022-02-14,OKC @ NYK
0022100865,2022-02-14,HOU @ UTA
0022100858,2022-02-14,DET @ WAS
0022100863,2022-02-14,NOP vs. TOR
0022100859,2022-02-14,BKN vs. SAC
0022100866,2022-02-14,LAC vs. GSW
0022100861,2022-02-14,SAS @ CHI
0022100857,2022-02-13,MIN @ IND
0022100856,2022-02-13,ATL @ BOS
0022100845,2022-02-12,POR vs. NYK
0022100848,2022-02-12,NOP vs. SAS
0022100855,2022-02-12,ORL @ PHX
0022100850,2022-02-12,DEN @ TOR
0022100849,2022-02-12,CLE @ PHI
0022100851,2022-02-12,BKN @ MIA
0022100847,2022-02-12,WAS vs. SAC
0022100852,2022-02-12,CHI vs. OKC
0022100846,2022-02-12,MEM @ CHA
0022100854,2022-02-12,LAL @ GSW
0022100853,2022-02-12,LAC @ DAL
0022100842,2022-02-11,BOS vs. DEN
0022100841,2022-02-11,SAS @ ATL
0022100840,2022-02-11,OKC @ PHI
0022100839,2022-02-11,IND vs. CLE
0022100843,2022-02-11,CHI vs. MIN
0022100838,2022-02-11,CHA @ DET
0022100844,2022-02-11,ORL @ UTA
0022100837,2022-02-10,NYK @ GSW
0022100832,2022-02-10,BKN @ WAS
0022100833,2022-02-10,MIA @ NOP
0022100834,2022-02-10,TOR @ HOU
0022100836,2022-02-10,PHX vs. MIL
0022100831,2022-02-10,DET vs. MEM
0022100835,2022-02-10,LAC @ DAL
0022100827,2022-02-09,TOR @ OKC
0022100828,2022-02-09,GSW @ UTA
0022100826,2022-02-09,CHA vs. CHI
0022100830,2022-02-09,MIN @ SAC
0022100829,2022-02-09,POR vs. LAL
0022100825,2022-02-09,SAS @ CLE
0022100817,2022-02-08,BKN vs. BOS
0022100818,2022-02-08,MEM vs. LAC
0022100822,2022-02-08,MIL @ LAL
0022100820,2022-02-08,DET @ DAL
0022100816,2022-02-08,IND @ ATL
0022100821,2022-02-08,NYK @ DEN
0022100824,2022-02-08,SAC vs. MIN
0022100819,2022-02-08,HOU @ NOP
0022100823,2022-02-08,POR vs. ORL
0022100815,2022-02-08,PHX @ PHI
0022100814,2022-02-07,NYK @ UTA
0022100811,2022-02-07,MIA @ WAS
0022100813,2022-02-07,OKC vs. GSW
0022100810,2022-02-07,TOR @ CHA
0022100812,2022-02-07,PHX @ CHI
0022100804,2022-02-06,DEN vs. BKN
0022100806,2022-02-06,ORL vs. BOS
0022100805,2022-02-06,CLE vs. IND
0022100808,2022-02-06,HOU vs. NOP
0022100807,2022-02-06,ATL @ DAL
0022100803,2022-02-06,DET @ MIN
0022100809,2022-02-06,MIL @ LAC
0022100802,2022-02-06,PHI @ CHI
0022100800,2022-02-05,POR vs. MIL
0022100797,2022-02-05,CHA vs. MIA
0022100801,2022-02-05,SAC vs. OKC
0022100796,2022-02-05,ORL vs. MEM
0022100799,2022-02-05,LAL vs. NYK
0022100798,2022-02-05,WAS vs. PHX
0022100793,2022-02-04,UTA vs. BKN
0022100795,2022-02-04,POR vs. OKC
0022100794,2022-02-04,NOP @ DEN
0022100789,2022-02-04,CHI @ IND
0022100792,2022-02-04,HOU @ SAS
0022100788,2022-02-04,DET vs. BOS
0022100791,2022-02-04,PHI @ DAL
0022100790,2022-02-04,TOR vs. ATL
0022100787,2022-02-04,CLE @ CHA
0022100782,2022-02-03,DET vs. MIN
0022100430,2022-02-03,CHI @ TOR
0022100785,2022-02-03,SAC @ GSW
0022100521,2022-02-03,MIA @ SAS
0022100786,2022-02-03,LAC vs. LAL
0022100783,2022-02-03,ATL vs. PHX
0022100778,2022-02-02,DAL vs. OKC
0022100779,2022-02-02,UTA vs. DEN
0022100780,2022-02-02,BKN @ SAC
0022100773,2022-02-02,ORL @ IND
0022100775,2022-02-02,BOS vs. CHA
0022100781,2022-02-02,POR @ LAL
0022100776,2022-02-02,NYK vs. MEM
0022100774,2022-02-02,WAS @ PHI
0022100777,2022-02-02,HOU vs. CLE
0022100769,2022-02-01,CHI vs. ORL
0022100771,2022-02-01,GSW @ SAS
0022100766,2022-02-01,NOP @ DET
0022100772,2022-02-01,PHX vs. BKN
0022100784,2022-02-01,MIA @ TOR
0022100768,2022-02-01,MIL vs. WAS
0022100770,2022-02-01,MIN vs. DEN
0022100761,2022-01-31,MEM @ PHI
0022100762,2022-01-31,BOS vs. MIA
0022100765,2022-01-31,OKC vs. POR
0022100759,2022-01-31,NOP @ CLE
0022100763,2022-01-31,NYK vs. SAC
0022100760,2022-01-31,IND vs. LAC
0022100767,2022-01-31,TOR @ ATL
0022100764,2022-01-31,GSW @ HOU
0022100752,2022-01-30,LAC @ CHA
0022100753,2022-01-30,CHI vs. POR
0022100757,2022-01-30,MIN vs. UTA
0022100751,2022-01-30,LAL @ ATL
0022100754,2022-01-30,CLE @ DET
0022100755,2022-01-30,ORL vs. DAL
0022100758,2022-01-30,SAS @ PHX
0022100756,2022-01-30,DEN @ MIL
0022100748,2022-01-29,MIA vs. TOR
0022100747,2022-01-29,PHI vs. SAC
0022100749,2022-01-29,MEM vs. WAS
0022100746,2022-01-29,IND @ DAL
0022100750,2022-01-29,GSW vs. BKN
0022100745,2022-01-29,NOP vs. BOS
0022100735,2022-01-28,LAL @ CHA
0022100739,2022-01-28,HOU vs. POR
0022100744,2022-01-28,NYK @ MIL
0022100729,2022-01-28,NOP vs. DEN
0022100741,2022-01-28,OKC vs. IND
0022100740,2022-01-28,UTA @ MEM
0022100736,2022-01-28,ORL vs. DET
0022100737,2022-01-28,ATL vs. BOS
0022100742,2022-01-28,SAS vs. CHI
0022100738,2022-01-28,MIA vs. LAC
0022100743,2022-01-28,PHX vs. MIN
0022100733,2022-01-27,PHI vs. LAL
0022100734,2022-01-27,MIN @ GSW
0022100723,2022-01-26,CHA @ IND
0022100725,2022-01-26,ATL vs. SAC
0022100722,2022-01-26,CLE vs. MIL
0022100728,2022-01-26,MEM @ SAS
0022100472,2022-01-26,TOR @ CHI
0022100724,2022-01-26,LAC @ ORL
0022100727,2022-01-26,MIA vs. NYK
0022100732,2022-01-26,DAL @ POR
0022100731,2022-01-26,UTA vs. PHX
0022100453,2022-01-26,DEN @ BKN
0022100715,2022-01-25,CHA @ TOR
0022100721,2022-01-25,POR vs. MIN
0022100719,2022-01-25,SAS @ HOU
0022100718,2022-01-25,LAL @ BKN
0022100720,2022-01-25,DAL @ GSW
0022100717,2022-01-25,SAC @ BOS
0022100714,2022-01-25,DET vs. DEN
0022100454,2022-01-25,NOP @ PHI
0022100716,2022-01-25,LAC @ WAS
0022100730,2022-01-24,CHI @ OKC
0022100709,2022-01-24,CLE vs. NYK
0022100713,2022-01-24,PHX vs. UTA
0022100712,2022-01-24,IND @ NOP
0022100698,2022-01-23,LAC @ NYK
0022100707,2022-01-23,DET @ DEN
0022100705,2022-01-23,DAL vs. MEM
0022100703,2022-01-23,CHA vs. ATL
0022100702,2022-01-23,POR @ TOR
0022100701,2022-01-23,ORL vs. CHI
0022100699,2022-01-23,BOS @ WAS
0022100708,2022-01-23,UTA @ GSW
0022100704,2022-01-23,PHI @ SAS
0022100700,2022-01-23,MIA vs. LAL
0022100706,2022-01-23,MIN vs. BKN
0022100697,2022-01-22,PHX vs. IND
0022100695,2022-01-22,OKC @ CLE
0022100696,2022-01-22,MIL vs. SAC
0022100690,2022-01-21,MIL vs. CHI
0022100694,2022-01-21,HOU @ GSW
0022100691,2022-01-21,BKN @ SAS
0022100693,2022-01-21,UTA vs. DET
0022100684,2022-01-21,CHA vs. OKC
0022100692,2022-01-21,DEN vs. MEM
0022100686,2022-01-21,PHI vs. LAC
0022100689,2022-01-21,WAS vs. TOR
0022100687,2022-01-21,ATL vs. MIA
0022100688,2022-01-21,BOS vs. POR
0022100685,2022-01-21,LAL @ ORL
0022100682,2022-01-20,DAL vs. PHX
0022100681,2022-01-20,NYK vs. NOP
0022100683,2022-01-20,IND @ GSW
0022100679,2022-01-19,DET @ SAC
0022100676,2022-01-19,OKC @ SAS
0022100673,2022-01-19,CHI vs. CLE
0022100668,2022-01-19,PHI vs. ORL
0022100674,2022-01-19,MEM @ MIL
0022100670,2022-01-19,ATL vs. MIN
0022100675,2022-01-19,TOR @ DAL
0022100672,2022-01-19,MIA vs. POR
0022100680,2022-01-19,IND @ LAL
0022100671,2022-01-19,BOS vs. CHA
0022100678,2022-01-19,LAC @ DEN
0022100677,2022-01-19,UTA vs. HOU
0022100669,2022-01-19,WAS vs. BKN
0022100666,2022-01-18,MIN @ NYK
0022100667,2022-01-18,GSW vs. DET
0022100662,2022-01-17,MIA vs. TOR
0022100660,2022-01-17,ATL vs. MIL
0022100657,2022-01-17,BKN @ CLE
0022100655,2022-01-17,NYK vs. CHA
0022100656,2022-01-17,WAS vs. PHI
0022100663,2022-01-17,DAL vs. OKC
0022100665,2022-01-17,UTA @ LAL
0022100659,2022-01-17,IND @ LAC
0022100664,2022-01-17,SAS vs. PHX
0022100661,2022-01-17,ORL vs. POR
0022100654,2022-01-17,NOP @ BOS
0022100658,2022-01-17,CHI @ MEM
0022100652,2022-01-16,MIN vs. GSW
0022100651,2022-01-16,HOU @ SAC
0022100653,2022-01-16,UTA @ DEN
0022100617,2022-01-16,DET vs. PHX
0022100644,2022-01-15,BKN vs. NOP
0022100650,2022-01-15,DAL vs. ORL
0022100641,2022-01-15,TOR @ MIL
0022100648,2022-01-15,LAC @ SAS
0022100645,2022-01-15,PHI @ MIA
0022100646,2022-01-15,CLE @ OKC
0022100643,2022-01-15,NYK @ ATL
0022100642,2022-01-15,POR @ WAS
0022100649,2022-01-15,LAL @ DEN
0022100647,2022-01-15,CHI @ BOS
0022100636,2022-01-14,ATL @ MIA
0022100632,2022-01-14,ORL @ CHA
0022100640,2022-01-14,SAC vs. HOU
0022100634,2022-01-14,PHX @ IND
0022100639,2022-01-14,MEM vs. DAL
0022100637,2022-01-14,GSW @ CHI
0022100638,2022-01-14,SAS vs. CLE
0022100633,2022-01-14,TOR @ DET
0022100635,2022-01-14,BOS @ PHI
0022100629,2022-01-13,NOP vs. LAC
0022100627,2022-01-13,MIL vs. GSW
0022100630,2022-01-13,OKC @ BKN
0022100628,2022-01-13,MEM vs. MIN
0022100631,2022-01-13,DEN vs. POR
0022100626,2022-01-12,LAL @ SAC
0022100620,2022-01-12,ORL @ WAS
0022100625,2022-01-12,CHI vs. BKN
0022100624,2022-01-12,UTA vs. CLE
0022100622,2022-01-12,DAL @ NYK
0022100621,2022-01-12,MIA @ ATL
0022100618,2022-01-12,IND vs. BOS
0022100619,2022-01-12,CHA @ PHI
0022100623,2022-01-12,HOU @ SAS
0022100615,2022-01-11,MIN @ NOP
0022100612,2022-01-11,OKC @ WAS
0022100614,2022-01-11,MEM vs. GSW
0022100415,2022-01-11,CHI vs. DET
0022100613,2022-01-11,PHX @ TOR
0022100616,2022-01-11,DEN @ LAC
0022100611,2022-01-10,SAC vs. CLE
0022100609,2022-01-10,IND @ BOS
0022100607,2022-01-10,MIL @ CHA
0022100610,2022-01-10,SAS @ NYK
0022100711,2022-01-10,PHI @ HOU
0022100486,2022-01-10,BKN @ POR
0022100608,2022-01-10,UTA @ DET
0022100606,2022-01-09,MEM @ LAL
0022100601,2022-01-09,DEN @ OKC
0022100598,2022-01-09,ORL vs. WAS
0022100600,2022-01-09,MIN @ HOU
0022100597,2022-01-09,LAC vs. ATL
0022100599,2022-01-09,TOR vs. NOP
0022100603,2022-01-09,DAL vs. CHI
0022100602,2022-01-09,BKN vs. SAS
0022100604,2022-01-09,CLE @ GSW
0022100605,2022-01-09,POR vs. SAC
0022100592,2022-01-08,CHA vs. MIL
0022100594,2022-01-08,IND vs. UTA
0022100595,2022-01-08,NYK @ BOS
0022100593,2022-01-08,ORL @ DET
0022100591,2022-01-08,MEM @ LAC
0022100596,2022-01-08,MIA @ PHX
0022100590,2022-01-07,CLE @ POR
0022100586,2022-01-07,DAL @ HOU
0022100582,2022-01-07,SAS @ PHI
0022100587,2022-01-07,MIN @ OKC
0022100588,2022-01-07,SAC @ DEN
0022100583,2022-01-07,BKN vs. MIL
0022100584,2022-01-07,UTA @ TOR
0022100585,2022-01-07,WAS @ CHI
0022100589,2022-01-07,ATL @ LAL
0022100581,2022-01-06,LAC @ PHX
0022100580,2022-01-06,GSW @ NOP
0022100578,2022-01-06,NYK vs. BOS
0022100579,2022-01-06,DET @ MEM
0022100571,2022-01-05,IND vs. BKN
0022100575,2022-01-05,DEN vs. UTA
0022100570,2022-01-05,SAS @ BOS
0022100577,2022-01-05,SAC vs. ATL
0022100573,2022-01-05,MIL vs. TOR
0022100576,2022-01-05,POR vs. MIA
0022100568,2022-01-05,PHI @ ORL
0022100572,2022-01-05,DAL vs. GSW
0022100567,2022-01-05,DET @ CHA
0022100574,2022-01-05,OKC @ MIN
0022100569,2022-01-05,WAS vs. HOU
0022100565,2022-01-04,NOP vs. PHX
0022100562,2022-01-04,CLE vs. MEM
0022100566,2022-01-04,LAL vs. SAC
0022100564,2022-01-04,IND @ NYK
0022100563,2022-01-04,SAS @ TOR
0022100553,2022-01-03,WAS vs. CHA
0022100556,2022-01-03,DET @ MIL
0022100555,2022-01-03,ORL @ CHI
0022100558,2022-01-03,DEN @ DAL
0022100559,2022-01-03,GSW vs. MIA
0022100557,2022-01-03,NOP vs. UTA
0022100554,2022-01-03,BKN vs. MEM
0022100552,2022-01-03,PHI vs. HOU
0022100560,2022-01-03,ATL @ POR
0022100561,2022-01-03,MIN @ LAC
0022100550,2022-01-02,OKC vs. DAL
0022100546,2022-01-02,ORL @ BOS
0022100545,2022-01-02,NYK @ TOR
0022100551,2022-01-02,MIN @ LAL
0022100547,2022-01-02,CLE vs. IND
0022100549,2022-01-02,PHX @ CHA
0022100548,2022-01-02,MIA @ SAC
0022100543,2022-01-01,DEN @ HOU
0022100540,2022-01-01,SAS @ DET
0022100541,2022-01-01,WAS vs. CHI
0022100544,2022-01-01,GSW @ UTA
0022100539,2022-01-01,MIL vs. NOP
0022100542,2022-01-01,LAC @ BKN
0022100538,2021-12-31,LAL vs. POR
0022100537,2021-12-31,UTA vs. MIN
0022100531,2021-12-31,DAL @ SAC
0022100536,2021-12-31,OKC vs. NYK
0022100529,2021-12-31,PHX @ BOS
0022100534,2021-12-31,TOR vs. LAC
0022100532,2021-12-31,MIA @ HOU
0022100530,2021-12-31,IND vs. CHI
0022100535,2021-12-31,SAS @ MEM
0022100533,2021-12-31,CLE vs. ATL
0022100525,2021-12-30,BKN vs. PHI
0022100527,2021-12-30,CLE @ WAS
0022100526,2021-12-30,MIL @ ORL
0022100519,2021-12-29,ATL @ CHI
0022100518,2021-12-29,LAC @ BOS
0022100517,2021-12-29,CHA @ IND
0022100520,2021-12-29,LAL @ MEM
0022100524,2021-12-29,SAC vs. DAL
0022100522,2021-12-29,OKC @ PHX
0022100516,2021-12-29,DET vs. NYK
0022100523,2021-12-29,POR vs. UTA
0022100508,2021-12-28,MIL @ ORL
0022100513,2021-12-28,CLE @ NOP
0022100511,2021-12-28,LAL @ HOU
0022100514,2021-12-28,GSW vs. DEN
0022100515,2021-12-28,SAC vs. OKC
0022100510,2021-12-28,TOR vs. PHI
0022100509,2021-12-28,MIA vs. WAS
0022100512,2021-12-28,MIN vs. NYK
0022100502,2021-12-27,ATL vs. CHI
0022100501,2021-12-27,CHA vs. HOU
0022100504,2021-12-27,UTA @ SAS
0022100507,2021-12-27,LAC vs. BKN
0022100505,2021-12-27,MEM @ PHX
0022100506,2021-12-27,DAL @ POR
0022100503,2021-12-27,BOS @ MIN
0022100497,2021-12-26,NOP @ OKC
0022100495,2021-12-26,WAS vs. PHI
0022100493,2021-12-26,ORL @ MIA
0022100499,2021-12-26,CHI vs. IND
0022100498,2021-12-26,DET @ SAS
0022100496,2021-12-26,MEM @ SAC
0022100500,2021-12-26,DEN @ LAC
0022100494,2021-12-26,CLE vs. TOR
0022100491,2021-12-25,BKN @ LAL
0022100488,2021-12-25,NYK vs. ATL
0022100489,2021-12-25,BOS @ MIL
0022100492,2021-12-25,UTA vs. DAL
0022100490,2021-12-25,GSW @ PHX
0022100485,2021-12-23,GSW vs. MEM
0022100483,2021-12-23,OKC @ PHX
0022100477,2021-12-23,ORL vs. NOP
0022100479,2021-12-23,MIA vs. DET
0022100476,2021-12-23,HOU @ IND
0022100487,2021-12-23,SAS @ LAL
0022100481,2021-12-23,MIL @ DAL
0022100482,2021-12-23,CHA @ DEN
0022100480,2021-12-23,WAS @ NYK
0022100484,2021-12-23,UTA vs. MIN
0022100478,2021-12-23,ATL @ PHI
0022100474,2021-12-22,DEN @ OKC
0022100473,2021-12-22,MIL vs. HOU
0022100470,2021-12-22,ORL @ ATL
0022100471,2021-12-22,CLE @ BOS
0022100475,2021-12-22,SAC vs. LAC
0022100465,2021-12-21,IND @ MIA
0022100468,2021-12-21,DAL vs. MIN
0022100469,2021-12-21,LAL vs. PHX
0022100467,2021-12-21,NOP vs. POR
0022100466,2021-12-21,NYK vs. DET
0022100463,2021-12-20,LAC vs. SAS
0022100457,2021-12-20,PHI @ BOS
0022100460,2021-12-20,MEM vs. OKC
0022100459,2021-12-20,HOU @ CHI
0022100461,2021-12-20,UTA vs. CHA
0022100462,2021-12-20,SAC @ GSW
0022100449,2021-12-19,DET vs. MIA
0022100455,2021-12-19,DAL @ MIN
0022100450,2021-12-19,POR @ MEM
0022100456,2021-12-19,CHA @ PHX
0022100448,2021-12-19,LAL @ CHI
0022100451,2021-12-19,SAC vs. SAS
0022100441,2021-12-18,DET vs. HOU
0022100446,2021-12-18,MIL vs. CLE
0022100447,2021-12-18,WAS @ UTA
0022100442,2021-12-18,BKN vs. ORL
0022100444,2021-12-18,LAC @ OKC
0022100443,2021-12-18,GSW @ TOR
0022100445,2021-12-18,BOS vs. NYK
0022100440,2021-12-17,SAC vs. MEM
0022100435,2021-12-17,BOS vs. GSW
0022100437,2021-12-17,SAS @ UTA
0022100433,2021-12-17,MIA @ ORL
0022100439,2021-12-17,CHA @ POR
0022100436,2021-12-17,MIN vs. LAL
0022100434,2021-12-17,ATL vs. DEN
0022100438,2021-12-17,NOP vs. MIL
0022100429,2021-12-16,PHI @ BKN
0022100431,2021-12-16,HOU vs. NYK
0022100428,2021-12-16,IND vs. DET
0022100432,2021-12-16,PHX vs. WAS
0022100418,2021-12-15,ATL @ ORL
0022100424,2021-12-15,DEN vs. MIN
0022100427,2021-12-15,SAC vs. WAS
0022100426,2021-12-15,POR vs. MEM
0022100422,2021-12-15,NOP @ OKC
0022100423,2021-12-15,SAS vs. CHA
0022100421,2021-12-15,MIL vs. IND
0022100425,2021-12-15,UTA vs. LAC
0022100419,2021-12-15,PHI vs. MIA
0022100417,2021-12-15,CLE vs. HOU
0022100420,2021-12-15,DAL vs. LAL
0022100413,2021-12-14,BKN vs. TOR
0022100416,2021-12-14,PHX @ POR
0022100414,2021-12-14,GSW @ NYK
0022100411,2021-12-13,WAS @ DEN
0022100410,2021-12-13,CHA @ DAL
0022100405,2021-12-13,GSW @ IND
0022100404,2021-12-13,MIA @ CLE
0022100406,2021-12-13,SAC @ TOR
0022100407,2021-12-13,HOU @ ATL
0022100409,2021-12-13,MEM vs. PHI
0022100412,2021-12-13,PHX @ LAC
0022100408,2021-12-13,BOS vs. MIL
0022100398,2021-12-12,MIL @ NYK
0022100403,2021-12-12,LAL vs. ORL
0022100401,2021-12-12,NOP @ SAS
0022100402,2021-12-12,MIN @ POR
0022100400,2021-12-12,DAL @ OKC
0022100399,2021-12-12,BKN @ DET
0022100392,2021-12-11,WAS vs. UTA
0022100393,2021-12-11,SAC @ CLE
0022100395,2021-12-11,HOU @ MEM
0022100391,2021-12-11,LAC vs. ORL
0022100397,2021-12-11,SAS vs. DEN
0022100396,2021-12-11,PHI vs. GSW
0022100394,2021-12-11,CHI @ MIA
0022100386,2021-12-10,HOU vs. MIL
0022100390,2021-12-10,PHX vs. BOS
0022100389,2021-12-10,LAL @ OKC
0022100382,2021-12-10,SAC @ CHA
0022100383,2021-12-10,DAL @ IND
0022100384,2021-12-10,ATL vs. BKN
0022100387,2021-12-10,CLE @ MIN
0022100385,2021-12-10,TOR vs. NYK
0022100388,2021-12-10,DET @ NOP
0022100379,2021-12-09,UTA @ PHI
0022100380,2021-12-09,LAL @ MEM
0022100381,2021-12-09,DEN @ SAS
0022100374,2021-12-08,MIN vs. UTA
0022100369,2021-12-08,IND vs. NYK
0022100378,2021-12-08,LAC vs. BOS
0022100375,2021-12-08,DEN @ NOP
0022100371,2021-12-08,OKC @ TOR
0022100370,2021-12-08,MIA vs. MIL
0022100368,2021-12-08,WAS @ DET
0022100372,2021-12-08,BKN @ HOU
0022100367,2021-12-08,CHI @ CLE
0022100377,2021-12-08,SAC vs. ORL
0022100373,2021-12-08,DAL @ MEM
0022100376,2021-12-08,POR @ GSW
0022100366,2021-12-08,PHI @ CHA
0022100364,2021-12-07,NYK @ SAS
0022100363,2021-12-07,DAL vs. BKN
0022100365,2021-12-07,LAL vs. BOS
0022100361,2021-12-06,GSW vs. ORL
0022100357,2021-12-06,DEN @ CHI
0022100353,2021-12-06,PHI @ CHA
0022100360,2021-12-06,PHX vs. SAS
0022100356,2021-12-06,MIA vs. MEM
0022100355,2021-12-06,WAS @ IND
0022100358,2021-12-06,CLE @ MIL
0022100359,2021-12-06,ATL @ MIN
0022100362,2021-12-06,LAC @ POR
0022100354,2021-12-06,OKC @ DET
0022100350,2021-12-05,CHA @ ATL
0022100351,2021-12-05,TOR vs. WAS
0022100352,2021-12-05,HOU vs. NOP
0022100349,2021-12-05,UTA @ CLE
0022100347,2021-12-04,POR vs. BOS
0022100343,2021-12-04,CHI @ BKN
0022100345,2021-12-04,DAL vs. MEM
0022100344,2021-12-04,MIL vs. MIA
0022100348,2021-12-04,LAC @ SAC
0022100342,2021-12-04,DEN @ NYK
0022100346,2021-12-04,SAS @ GSW
0022100338,2021-12-03,NOP @ DAL
0022100340,2021-12-03,GSW vs. PHX
0022100337,2021-12-03,HOU vs. ORL
0022100335,2021-12-03,PHI @ ATL
0022100333,2021-12-03,MIA @ IND
0022100334,2021-12-03,WAS vs. CLE
0022100339,2021-12-03,BOS @ UTA
0022100341,2021-12-03,LAC @ LAL
0022100336,2021-12-03,BKN vs. MIN
0022100329,2021-12-02,MIL @ TOR
0022100331,2021-12-02,DET @ PHX
0022100330,2021-12-02,OKC @ MEM
0022100328,2021-12-02,CHI @ NYK
0022100332,2021-12-02,POR vs. SAS
0022100327,2021-12-01,LAC vs. SAC
0022100322,2021-12-01,BOS vs. PHI
0022100320,2021-12-01,ORL vs. DEN
0022100325,2021-12-01,NOP vs. DAL
0022100319,2021-12-01,ATL @ IND
0022100323,2021-12-01,MIA vs. CLE
0022100324,2021-12-01,CHA @ MIL
0022100321,2021-12-01,WAS vs. MIN
0022100326,2021-12-01,OKC vs. HOU
0022100314,2021-11-30,BKN vs. NYK
0022100316,2021-11-30,PHX vs. GSW
0022100318,2021-11-30,SAC vs. LAL
0022100317,2021-11-30,DET @ POR
0022100315,2021-11-30,TOR vs. MEM
0022100305,2021-11-29,ORL @ PHI
0022100308,2021-11-29,HOU vs. OKC
0022100309,2021-11-29,IND @ MIN
0022100310,2021-11-29,DAL vs. CLE
0022100306,2021-11-29,DEN @ MIA
0022100313,2021-11-29,LAC vs. NOP
0022100312,2021-11-29,UTA vs. POR
0022100311,2021-11-29,WAS @ SAS
0022100307,2021-11-29,CHI vs. CHA
0022100304,2021-11-28,DET @ LAL
0022100301,2021-11-28,IND vs. MIL
0022100302,2021-11-28,TOR vs. BOS
0022100303,2021-11-28,MEM vs. SAC
0022100300,2021-11-28,LAC vs. GSW
0022100298,2021-11-27,DAL vs. WAS
0022100296,2021-11-27,CHI vs. MIA
0022100292,2021-11-27,PHI vs. MIN
0022100295,2021-11-27,CLE vs. ORL
0022100299,2021-11-27,UTA vs. NOP
0022100293,2021-11-27,ATL vs. NYK
0022100297,2021-11-27,HOU vs. CHA
0022100294,2021-11-27,PHX @ BKN
0022100290,2021-11-26,GSW vs. POR
0022100280,2021-11-26,LAC vs. DET
0022100281,2021-11-26,MIN @ CHA
0022100291,2021-11-26,LAL vs. SAC
0022100288,2021-11-26,MIL @ DEN
0022100282,2021-11-26,NYK vs. PHX
0022100289,2021-11-26,NOP @ UTA
0022100286,2021-11-26,WAS @ OKC
0022100284,2021-11-26,IND vs. TOR
0022100283,2021-11-26,ORL vs. CHI
0022100287,2021-11-26,SAS vs. BOS
0022100285,2021-11-26,ATL @ MEM
0022100274,2021-11-24,MIA @ MIN
0022100279,2021-11-24,SAC vs. POR
0022100277,2021-11-24,ATL @ SAS
0022100278,2021-11-24,GSW vs. PHI
0022100268,2021-11-24,LAL @ IND
0022100270,2021-11-24,BKN @ BOS
0022100269,2021-11-24,ORL vs. CHA
0022100276,2021-11-24,OKC vs. UTA
0022100275,2021-11-24,NOP vs. WAS
0022100272,2021-11-24,MEM vs. TOR
0022100273,2021-11-24,DET @ MIL
0022100271,2021-11-24,HOU vs. CHI
0022100267,2021-11-24,PHX @ CLE
0022100265,2021-11-23,POR vs. DEN
0022100266,2021-11-23,DAL @ LAC
0022100263,2021-11-23,DET vs. MIA
0022100264,2021-11-23,NYK vs. LAL
0022100256,2021-11-22,HOU @ BOS
0022100257,2021-11-22,IND @ CHI
0022100254,2021-11-22,WAS vs. CHA
0022100261,2021-11-22,UTA vs. MEM
0022100253,2021-11-22,BKN @ CLE
0022100260,2021-11-22,PHX @ SAS
0022100262,2021-11-22,SAC vs. PHI
0022100255,2021-11-22,OKC @ ATL
0022100259,2021-11-22,MIN @ NOP
0022100258,2021-11-22,ORL @ MIL
0022100250,2021-11-21,CHI vs. NYK
0022100251,2021-11-21,DEN @ PHX
0022100248,2021-11-21,DAL @ LAC
0022100252,2021-11-21,TOR @ GSW
0022100249,2021-11-21,DET vs. LAL
0022100245,2021-11-20,MEM @ MIN
0022100240,2021-11-20,NOP @ IND
0022100241,2021-11-20,MIA @ WAS
0022100247,2021-11-20,SAC vs. UTA
0022100244,2021-11-20,MIL vs. ORL
0022100243,2021-11-20,OKC @ BOS
0022100246,2021-11-20,POR vs. PHI
0022100242,2021-11-20,ATL vs. CHA
0022100239,2021-11-20,NYK vs. HOU
0022100231,2021-11-19,GSW @ DET
0022100232,2021-11-19,BOS vs. LAL
0022100233,2021-11-19,ORL @ BKN
0022100237,2021-11-19,PHX vs. DAL
0022100230,2021-11-19,CHA vs. IND
0022100236,2021-11-19,DEN vs. CHI
0022100238,2021-11-19,SAC vs. TOR
0022100234,2021-11-19,MIL vs. OKC
0022100235,2021-11-19,NOP vs. LAC
0022100226,2021-11-18,MEM vs. LAC
0022100225,2021-11-18,MIA vs. WAS
0022100224,2021-11-18,CLE vs. GSW
0022100227,2021-11-18,MIN vs. SAS
0022100229,2021-11-18,TOR @ UTA
0022100228,2021-11-18,PHI @ DEN
0022100215,2021-11-17,ATL vs. BOS
0022100213,2021-11-17,WAS @ CHA
0022100218,2021-11-17,NYK vs. ORL
0022100214,2021-11-17,DET vs. IND
0022100223,2021-11-17,CHI @ POR
0022100221,2021-11-17,OKC vs. HOU
0022100219,2021-11-17,LAL @ MIL
0022100216,2021-11-17,CLE @ BKN
0022100220,2021-11-17,SAC @ MIN
0022100217,2021-11-17,NOP @ MIA
0022100222,2021-11-17,PHX vs. DAL
0022100210,2021-11-16,GSW @ BKN
0022100212,2021-11-16,SAS @ LAC
0022100211,2021-11-16,UTA vs. PHI
0022100204,2021-11-15,DEN @ DAL
0022100203,2021-11-15,NYK vs. IND
0022100206,2021-11-15,MIN vs. PHX
0022100209,2021-11-15,CHI @ LAL
0022100200,2021-11-15,DET vs. SAC
0022100201,2021-11-15,NOP @ WAS
0022100205,2021-11-15,HOU @ MEM
0022100208,2021-11-15,POR vs. TOR
0022100199,2021-11-15,CLE vs. BOS
0022100207,2021-11-15,OKC vs. MIA
0022100202,2021-11-15,ORL @ ATL
0022100195,2021-11-14,PHX @ HOU
0022100194,2021-11-14,GSW @ CHA
0022100196,2021-11-14,BKN @ OKC
0022100197,2021-11-14,POR @ DEN
0022100193,2021-11-14,ATL vs. MIL
0022100192,2021-11-14,LAL vs. SAS
0022100198,2021-11-14,LAC vs. CHI
0022100187,2021-11-13,ORL vs. WAS
0022100191,2021-11-13,MIN @ LAC
0022100188,2021-11-13,MEM @ NOP
0022100186,2021-11-13,IND vs. PHI
0022100185,2021-11-13,UTA vs. MIA
0022100189,2021-11-13,TOR vs. DET
0022100190,2021-11-13,BOS @ CLE
0022100177,2021-11-12,POR @ HOU
0022100178,2021-11-12,PHX @ MEM
0022100184,2021-11-12,LAL vs. MIN
0022100182,2021-11-12,DEN vs. ATL
0022100174,2021-11-12,NYK @ CHA
0022100179,2021-11-12,NOP vs. BKN
0022100183,2021-11-12,GSW vs. CHI
0022100181,2021-11-12,DAL @ SAS
0022100180,2021-11-12,SAC @ OKC
0022100176,2021-11-12,DET @ CLE
0022100175,2021-11-12,MIL @ BOS
0022100172,2021-11-11,IND @ UTA
0022100173,2021-11-11,MIA @ LAC
0022100171,2021-11-11,TOR @ PHI
0022100161,2021-11-10,NYK vs. MIL
0022100165,2021-11-10,OKC @ NOP
0022100167,2021-11-10,IND @ DEN
0022100169,2021-11-10,MIN @ GSW
0022100166,2021-11-10,SAS vs. SAC
0022100159,2021-11-10,ORL vs. BKN
0022100168,2021-11-10,PHX vs. POR
0022100158,2021-11-10,CLE vs. WAS
0022100170,2021-11-10,MIA @ LAL
0022100163,2021-11-10,DAL @ CHI
0022100162,2021-11-10,DET @ HOU
0022100164,2021-11-10,MEM vs. CHA
0022100160,2021-11-10,BOS vs. TOR
0022100156,2021-11-09,ATL @ UTA
0022100157,2021-11-09,LAC vs. POR
0022100155,2021-11-09,PHI vs. MIL
0022100151,2021-11-08,DEN vs. MIA
0022100147,2021-11-08,NYK @ PHI
0022100148,2021-11-08,CHI vs. BKN
0022100153,2021-11-08,PHX @ SAC
0022100154,2021-11-08,CHA @ LAL
0022100152,2021-11-08,ATL @ GSW
0022100150,2021-11-08,NOP @ DAL
0022100149,2021-11-08,MIN @ MEM
0022100144,2021-11-07,OKC vs. SAS
0022100143,2021-11-07,SAC vs. IND
0022100145,2021-11-07,HOU @ GSW
0022100146,2021-11-07,CHA @ LAC
0022100140,2021-11-07,CLE @ NYK
0022100141,2021-11-07,ORL vs. UTA
0022100139,2021-11-07,BKN @ TOR
0022100142,2021-11-07,MIL @ WAS
0022100138,2021-11-06,POR vs. LAL
0022100134,2021-11-06,UTA @ MIA
0022100133,2021-11-06,DEN vs. HOU
0022100137,2021-11-06,PHX vs. ATL
0022100135,2021-11-06,CHI vs. PHI
0022100136,2021-11-06,DAL vs. BOS
0022100129,2021-11-05,LAC @ MIN
0022100128,2021-11-05,MIL vs. NYK
0022100126,2021-11-05,MEM @ WAS
0022100130,2021-11-05,NOP @ GSW
0022100124,2021-11-05,BKN @ DET
0022100131,2021-11-05,IND @ POR
0022100132,2021-11-05,SAC vs. CHA
0022100125,2021-11-05,ORL vs. SAS
0022100127,2021-11-05,TOR vs. CLE
0022100122,2021-11-04,HOU @ PHX
0022100123,2021-11-04,LAL vs. OKC
0022100121,2021-11-04,MIA vs. BOS
0022100120,2021-11-04,UTA @ ATL
0022100119,2021-11-04,DET vs. PHI
0022100108,2021-11-03,CLE vs. POR
0022100116,2021-11-03,SAS vs. DAL
0022100115,2021-11-03,LAC @ MIN
0022100113,2021-11-03,BKN vs. ATL
0022100111,2021-11-03,PHI vs. CHI
0022100118,2021-11-03,NOP @ SAC
0022100117,2021-11-03,GSW vs. CHA
0022100114,2021-11-03,MEM vs. DEN
0022100110,2021-11-03,ORL vs. BOS
0022100112,2021-11-03,WAS vs. TOR
0022100109,2021-11-03,IND vs. NYK
0022100105,2021-11-02,SAC @ UTA
0022100107,2021-11-02,LAL vs. HOU
0022100106,2021-11-02,PHX vs. NOP
0022100104,2021-11-02,MIA @ DAL
0022100103,2021-11-02,MIL @ DET
0022100097,2021-11-01,ATL vs. WAS
0022100094,2021-11-01,CLE @ CHA
0022100099,2021-11-01,NYK vs. TOR
0022100100,2021-11-01,MEM vs. DEN
0022100101,2021-11-01,MIN vs. ORL
0022100095,2021-11-01,IND vs. SAS
0022100096,2021-11-01,POR @ PHI
0022100102,2021-11-01,OKC @ LAC
0022100098,2021-11-01,BOS vs. CHI
0022100093,2021-10-31,LAL vs. HOU
0022100090,2021-10-31,POR @ CHA
0022100091,2021-10-31,MIL vs. UTA
0022100089,2021-10-31,DAL vs. SAC
0022100092,2021-10-31,DET @ BKN
0022100079,2021-10-30,ORL @ DET
0022100084,2021-10-30,MEM vs. MIA
0022100088,2021-10-30,CLE @ PHX
0022100080,2021-10-30,NYK @ NOP
0022100083,2021-10-30,CHI vs. UTA
0022100081,2021-10-30,IND vs. TOR
0022100087,2021-10-30,MIN vs. DEN
0022100082,2021-10-30,PHI vs. ATL
0022100085,2021-10-30,MIL vs. SAS
0022100086,2021-10-30,OKC @ GSW
0022100078,2021-10-30,BOS @ WAS
0022100071,2021-10-29,TOR vs. ORL
0022100074,2021-10-29,NOP vs. SAC
0022100076,2021-10-29,LAC @ POR
0022100077,2021-10-29,CLE @ LAL
0022100072,2021-10-29,BKN vs. IND
0022100075,2021-10-29,DEN vs. DAL
0022100073,2021-10-29,MIA vs. CHA
0022100067,2021-10-28,NYK @ CHI
0022100065,2021-10-28,PHI vs. DET
0022100069,2021-10-28,SAS @ DAL
0022100070,2021-10-28,MEM @ GSW
0022100066,2021-10-28,WAS vs. ATL
0022100068,2021-10-28,HOU vs. UTA
0022100063,2021-10-27,MEM @ POR
0022100059,2021-10-27,NOP vs. ATL
0022100062,2021-10-27,SAC @ PHX
0022100058,2021-10-27,TOR vs. IND
0022100064,2021-10-27,LAC vs. CLE
0022100056,2021-10-27,BOS vs. WAS
0022100057,2021-10-27,MIA @ BKN
0022100055,2021-10-27,ORL vs. CHA
0022100061,2021-10-27,LAL @ OKC
0022100060,2021-10-27,MIN @ MIL
0022100050,2021-10-26,PHI @ NYK
0022100054,2021-10-26,UTA vs. DEN
0022100051,2021-10-26,OKC vs. GSW
0022100052,2021-10-26,DAL vs. HOU
0022100053,2021-10-26,LAL @ SAS
0022100049,2021-10-25,POR @ LAC
0022100044,2021-10-25,BKN vs. WAS
0022100045,2021-10-25,MIA vs. ORL
0022100047,2021-10-25,MIN vs. NOP
0022100046,2021-10-25,TOR vs. CHI
0022100042,2021-10-25,IND vs. MIL
0022100041,2021-10-25,CHA vs. BOS
0022100048,2021-10-25,CLE @ DEN
0022100043,2021-10-25,ATL vs. DET
0022100036,2021-10-24,ORL @ NYK
0022100037,2021-10-24,HOU vs. BOS
0022100038,2021-10-24,OKC vs. PHI
0022100040,2021-10-24,MEM @ LAL
0022100039,2021-10-24,SAC vs. GSW
0022100035,2021-10-24,CHA @ BKN
0022100030,2021-10-23,CHI vs. DET
0022100031,2021-10-23,NOP @ MIN
0022100029,2021-10-23,DAL @ TOR
0022100028,2021-10-23,IND vs. MIA
0022100034,2021-10-23,LAC vs. MEM
0022100033,2021-10-23,PHX @ POR
0022100027,2021-10-23,ATL @ CLE
0022100032,2021-10-23,SAS vs. MIL
0022100022,2021-10-22,CHI vs. NOP
0022100023,2021-10-22,HOU vs. OKC
0022100024,2021-10-22,SAS @ DEN
0022100017,2021-10-22,CLE vs. CHA
0022100019,2021-10-22,WAS vs. IND
0022100020,2021-10-22,BOS vs. TOR
0022100025,2021-10-22,LAL vs. PHX
0022100021,2021-10-22,BKN @ PHI
0022100026,2021-10-22,SAC vs. UTA
0022100018,2021-10-22,ORL vs. NYK
0022100014,2021-10-21,ATL vs. DAL
0022100015,2021-10-21,MIL @ MIA
0022100016,2021-10-21,GSW vs. LAC
0022100012,2021-10-20,PHX vs. DEN
0022100006,2021-10-20,WAS @ TOR
0022100011,2021-10-20,UTA vs. OKC
0022100005,2021-10-20,NYK vs. BOS
0022100013,2021-10-20,POR vs. SAC
0022100007,2021-10-20,MEM vs. CLE
0022100010,2021-10-20,SAS vs. ORL
0022100004,2021-10-20,CHI @ DET
0022100009,2021-10-20,NOP vs. PHI
0022100003,2021-10-20,IND @ CHA
0022100008,2021-10-20,MIN vs. HOU
0022100001,2021-10-19,BKN @ MIL
0022100002,2021-10-19,LAL vs. GSW
