game_id,game_date,home,away,home_points,away_points,periods
0022600001,2026-10-20,DET,BOS,121,131,4
0022600002,2026-10-20,NYK,PHI,117,108,4
0022600003,2026-10-20,SAS,OKC,108,105,4
0022600004,2026-10-21,MIA,MIN,129,110,4
0022600005,2026-10-21,LAL,GSW,108,119,4
0022600085,2026-10-21,ORL,ATL,126,132,4
0022600086,2026-10-21,WAS,MIL,136,121,4
0022600087,2026-10-21,BKN,CHA,113,128,4
0022600088,2026-10-21,TOR,CHI,125,97,4
0022600089,2026-10-21,MEM,UTA,126,136,4
0022600090,2026-10-21,NOP,IND,114,123,4
0022600091,2026-10-21,HOU,DAL,118,107,4
0022600092,2026-10-21,POR,PHX,121,103,4
0022600093,2026-10-21,LAC,SAC,106,118,4
0022600006,2026-10-22,PHI,CLE,121,143,4
0022600007,2026-10-22,OKC,DEN,119,111,4
0022600008,2026-10-23,BOS,NYK,111,110,4
0022600009,2026-10-23,SAS,HOU,105,103,4
0022600094,2026-10-23,CHA,ATL,127,91,4
0022600095,2026-10-23,IND,DAL,125,136,4
0022600096,2026-10-23,ORL,MIN,112,124,4
0022600097,2026-10-23,WAS,TOR,100,103,4
0022600098,2026-10-23,MIA,DET,138,116,4
0022600099,2026-10-23,MIL,CHI,112,105,4
0022600100,2026-10-23,UTA,NOP,141,129,4
0022600101,2026-10-23,GSW,MEM,141,142,5
0022600102,2026-10-23,LAL,LAC,107,109,4
0022600103,2026-10-23,SAC,POR,115,149,4
0022600104,2026-10-24,CHA,MIA,122,99,4
0022600105,2026-10-24,CLE,BKN,127,117,4
0022600106,2026-10-24,PHI,MIL,101,108,4
0022600107,2026-10-24,ATL,HOU,134,126,4
0022600108,2026-10-24,CHI,WAS,129,84,4
0022600109,2026-10-24,DAL,SAS,161,153,6
0022600110,2026-10-24,DEN,NOP,125,88,4
0022600111,2026-10-24,PHX,GSW,102,124,4
0022600112,2026-10-25,UTA,LAL,103,109,4
0022600113,2026-10-25,BKN,IND,88,116,4
0022600114,2026-10-25,NYK,ORL,106,96,4
0022600115,2026-10-25,MIN,TOR,124,117,4
0022600116,2026-10-25,OKC,LAC,119,106,4
0022600117,2026-10-25,PHI,DET,129,105,4
0022600118,2026-10-25,SAC,MEM,102,127,4
0022600119,2026-10-26,CHA,WAS,137,109,4
0022600120,2026-10-26,CLE,MIN,130,103,4
0022600121,2026-10-26,BOS,CHI,133,96,4
0022600122,2026-10-26,MIA,DAL,140,105,4
0022600123,2026-10-26,MIL,IND,107,93,4
0022600124,2026-10-26,OKC,PHX,113,106,4
0022600125,2026-10-26,HOU,ATL,121,103,4
0022600126,2026-10-26,UTA,MEM,126,124,4
0022600127,2026-10-26,DEN,GSW,138,113,4
0022600128,2026-10-27,BOS,BKN,118,108,4
0022600129,2026-10-27,NYK,DET,108,106,4
0022600130,2026-10-27,SAS,SAC,129,119,4
0022600131,2026-10-27,LAL,POR,119,116,4
0022600132,2026-10-28,ATL,MIA,124,101,4
0022600133,2026-10-28,CLE,WAS,121,122,4
0022600134,2026-10-28,DET,CHA,115,88,4
0022600135,2026-10-28,IND,PHI,125,116,4
0022600136,2026-10-28,TOR,ORL,107,98,4
0022600137,2026-10-28,CHI,NYK,126,103,4
0022600138,2026-10-28,MIL,HOU,100,120,4
0022600139,2026-10-28,MIN,GSW,122,126,5
0022600140,2026-10-28,NOP,DEN,113,137,4
0022600141,2026-10-28,UTA,SAS,113,116,4
0022600142,2026-10-28,DAL,OKC,91,117,4
0022600143,2026-10-28,LAC,LAL,95,113,4
0022600144,2026-10-29,ATL,CLE,88,98,4
0022600145,2026-10-29,NOP,SAC,114,119,4
0022600146,2026-10-29,POR,MEM,112,110,4
0022600015,2026-10-30,WAS,CHA,111,101,4
0022600016,2026-10-30,BOS,CHI,120,95,4
0022600017,2026-10-30,BKN,DET,90,122,4
0022600018,2026-10-30,PHI,NYK,123,133,4
0022600019,2026-10-30,TOR,ORL,117,129,4
0022600020,2026-10-30,MIA,IND,146,152,4
0022600021,2026-10-30,DAL,HOU,121,111,4
0022600022,2026-10-30,MIN,LAC,108,119,4
0022600023,2026-10-30,GSW,LAL,110,119,4
0022600024,2026-10-30,PHX,DEN,120,128,4
0022600147,2026-10-31,UTA,POR,110,143,4
0022600148,2026-10-31,CHA,PHI,140,124,4
0022600149,2026-10-31,NOP,ATL,133,125,4
0022600150,2026-10-31,MEM,SAC,121,118,4
0022600151,2026-10-31,MIL,CLE,104,117,4
0022600152,2026-10-31,SAS,MIN,130,107,4
0022600153,2026-10-31,HOU,OKC,108,106,4
0022600154,2026-11-01,ORL,BOS,108,109,4
0022600155,2026-11-01,IND,BKN,119,109,4
0022600156,2026-11-01,GSW,LAC,123,105,4
0022600157,2026-11-01,LAL,TOR,123,108,4
0022600158,2026-11-02,CLE,OKC,109,97,4
0022600159,2026-11-02,CHA,DET,112,101,4
0022600160,2026-11-02,IND,ATL,109,117,4
0022600161,2026-11-02,NYK,BKN,118,135,4
0022600162,2026-11-02,ORL,WAS,108,107,4
0022600163,2026-11-02,PHI,CHI,113,112,4
0022600164,2026-11-02,DAL,SAC,120,124,4
0022600165,2026-11-02,MEM,NOP,125,101,4
0022600166,2026-11-02,MIN,MIL,117,125,4
0022600167,2026-11-02,HOU,BOS,101,99,4
0022600168,2026-11-02,SAS,UTA,137,128,4
0022600169,2026-11-02,DEN,POR,110,111,4
0022600170,2026-11-02,GSW,PHX,110,113,4
0022600171,2026-11-02,LAC,TOR,128,122,4
0022600172,2026-11-02,LAL,MIA,127,105,4
0022600173,2026-11-04,DET,PHI,126,120,4
0022600174,2026-11-04,WAS,ATL,115,113,4
0022600175,2026-11-04,BOS,MIL,117,118,4
0022600176,2026-11-04,BKN,CHA,122,109,4
0022600177,2026-11-04,NYK,CHI,122,147,4
0022600178,2026-11-04,MEM,IND,103,109,4
0022600179,2026-11-04,NOP,UTA,116,124,4
0022600180,2026-11-04,OKC,CLE,125,111,4
0022600181,2026-11-04,HOU,MIN,122,104,4
0022600182,2026-11-04,DEN,TOR,96,105,4
0022600183,2026-11-04,PHX,POR,120,114,4
0022600184,2026-11-04,SAS,DAL,145,126,4
0022600185,2026-11-04,SAC,LAL,128,127,4
0022600186,2026-11-04,LAC,MIA,113,114,4
0022600187,2026-11-05,PHX,ORL,109,81,4
0022600188,2026-11-05,GSW,MIA,115,121,4
0022600025,2026-11-06,ATL,WAS,121,143,4
0022600026,2026-11-06,CHA,BOS,94,130,4
0022600027,2026-11-06,CLE,PHI,122,100,4
0022600028,2026-11-06,DAL,UTA,144,102,4
0022600029,2026-11-06,MEM,OKC,88,112,4
0022600030,2026-11-06,MIL,TOR,127,104,4
0022600031,2026-11-06,NOP,MIN,119,124,4
0022600032,2026-11-06,LAL,POR,120,135,4
0022600033,2026-11-06,SAC,SAS,101,108,4
0022600189,2026-11-07,IND,DEN,127,112,4
0022600190,2026-11-07,ATL,BKN,138,99,4
0022600191,2026-11-07,CLE,NYK,129,108,4
0022600192,2026-11-07,OKC,WAS,136,108,4
0022600193,2026-11-07,GSW,ORL,140,129,4
0022600194,2026-11-07,PHX,HOU,101,113,4
0022600195,2026-11-07,POR,SAS,103,148,4
0022600196,2026-11-08,CHI,PHI,116,89,4
0022600197,2026-11-08,DET,LAL,128,110,4
0022600198,2026-11-08,MIN,UTA,116,109,4
0022600199,2026-11-08,DAL,BKN,117,118,4
0022600200,2026-11-08,MIL,BOS,128,118,4
0022600201,2026-11-08,LAC,NOP,94,136,4
0022600202,2026-11-08,SAC,MIA,111,119,4
0022600203,2026-11-09,ATL,LAL,107,97,4
0022600204,2026-11-09,CHA,CLE,130,101,4
0022600205,2026-11-09,DET,WAS,110,104,4
0022600206,2026-11-09,TOR,MEM,135,95,4
0022600207,2026-11-09,DAL,IND,125,99,4
0022600208,2026-11-09,HOU,DEN,104,119,4
0022600209,2026-11-09,PHX,SAS,124,104,4
0022600210,2026-11-09,GSW,NOP,120,116,4
0022600211,2026-11-10,NYK,MIL,130,128,4
0022600212,2026-11-10,PHI,BOS,113,118,4
0022600213,2026-11-10,PHX,LAC,124,132,4
0022600214,2026-11-10,UTA,MIA,117,126,4
0022600215,2026-11-10,SAC,ORL,116,101,4
0022600216,2026-11-10,POR,OKC,108,144,4
0022600217,2026-11-11,IND,WAS,118,115,4
0022600218,2026-11-11,NYK,CLE,122,99,4
0022600219,2026-11-11,TOR,BOS,123,129,5
0022600220,2026-11-11,CHI,SAS,90,122,4
0022600221,2026-11-11,MEM,DEN,120,119,4
0022600222,2026-11-11,MIL,LAL,131,112,4
0022600223,2026-11-11,NOP,BKN,122,100,4
0022600224,2026-11-11,UTA,ORL,116,117,4
0022600225,2026-11-11,HOU,GSW,115,114,4
0022600226,2026-11-11,POR,OKC,105,119,4
0022600227,2026-11-12,PHI,TOR,111,102,4
0022600228,2026-11-12,WAS,DET,132,148,4
0022600229,2026-11-12,MIN,DAL,120,104,4
0022600230,2026-11-12,PHX,CHA,116,107,4
0022600034,2026-11-13,IND,NYK,118,116,4
0022600035,2026-11-13,ORL,MIL,124,115,4
0022600036,2026-11-13,MIA,CLE,119,120,4
0022600037,2026-11-13,CHI,ATL,125,141,4
0022600038,2026-11-13,NOP,MEM,114,104,4
0022600039,2026-11-13,HOU,UTA,99,86,4
0022600040,2026-11-13,SAS,GSW,125,118,4
0022600041,2026-11-13,SAC,POR,137,146,4
0022600042,2026-11-13,LAC,OKC,98,108,4
0022600231,2026-11-14,NOP,DEN,123,121,4
0022600232,2026-11-14,CLE,DAL,118,115,4
0022600233,2026-11-14,MIA,DET,94,110,4
0022600234,2026-11-14,MEM,BKN,115,97,4
0022600235,2026-11-14,MIN,CHI,124,119,4
0022600236,2026-11-15,PHI,IND,100,96,4
0022600237,2026-11-15,PHX,LAL,119,118,4
0022600238,2026-11-15,LAC,CHA,111,130,4
0022600239,2026-11-15,UTA,SAS,123,92,4
0022600240,2026-11-15,BOS,DAL,131,115,4
0022600241,2026-11-15,TOR,NYK,121,115,4
0022600242,2026-11-15,WAS,HOU,103,113,4
0022600243,2026-11-15,MIL,ATL,124,101,4
0022600244,2026-11-15,SAC,OKC,115,134,4
0022600245,2026-11-16,BOS,ORL,102,92,4
0022600246,2026-11-16,CLE,CHI,117,121,4
0022600247,2026-11-16,WAS,MEM,93,111,4
0022600248,2026-11-16,BKN,PHI,115,113,4
0022600249,2026-11-16,MIA,HOU,115,108,4
0022600250,2026-11-16,MIN,POR,129,119,4
0022600251,2026-11-16,NOP,GSW,114,109,4
0022600252,2026-11-16,DEN,PHX,132,118,4
0022600253,2026-11-17,TOR,NYK,109,101,4
0022600254,2026-11-17,MIN,POR,124,147,4
0022600255,2026-11-17,SAS,DET,123,121,4
0022600256,2026-11-17,LAL,CHA,100,129,4
0022600257,2026-11-17,LAC,UTA,110,112,4
0022600258,2026-11-18,CLE,MEM,125,105,4
0022600259,2026-11-18,IND,HOU,113,129,4
0022600260,2026-11-18,MIA,MIL,112,103,4
0022600261,2026-11-18,ORL,PHI,115,97,4
0022600262,2026-11-18,BKN,CHI,125,126,4
0022600263,2026-11-18,TOR,WAS,107,110,4
0022600264,2026-11-18,NOP,DET,125,126,4
0022600265,2026-11-18,OKC,ATL,124,111,4
0022600266,2026-11-18,DEN,BOS,102,135,4
0022600267,2026-11-18,DAL,GSW,117,122,4
0022600268,2026-11-18,LAL,UTA,123,115,4
0022600269,2026-11-18,SAC,PHX,142,120,4
0022600270,2026-11-19,MEM,GSW,140,130,4
0022600271,2026-11-19,MIL,POR,111,119,4
0022600272,2026-11-19,MIN,NYK,97,90,4
0022600273,2026-11-19,SAS,LAC,135,114,4
0022600043,2026-11-20,ATL,CHA,119,133,4
0022600044,2026-11-20,BKN,ORL,83,103,4
0022600045,2026-11-20,CLE,IND,119,115,4
0022600046,2026-11-20,DET,TOR,103,109,4
0022600047,2026-11-20,CHI,WAS,106,103,4
0022600048,2026-11-20,OKC,NOP,125,124,4
0022600049,2026-11-20,UTA,PHX,113,119,4
0022600050,2026-11-20,DEN,HOU,133,93,4
0022600051,2026-11-20,LAL,SAC,147,149,4
0022600274,2026-11-21,PHI,MIL,118,113,4
0022600275,2026-11-21,NYK,POR,102,112,4
0022600276,2026-11-21,DAL,LAC,142,143,5
0022600277,2026-11-21,MIN,MEM,114,128,4
0022600278,2026-11-21,SAS,NOP,133,114,4
0022600279,2026-11-21,SAC,BOS,110,124,4
0022600280,2026-11-22,ATL,DET,103,135,4
0022600281,2026-11-22,MIA,OKC,111,110,4
0022600282,2026-11-22,WAS,ORL,112,120,4
0022600283,2026-11-22,CHI,DEN,117,133,4
0022600284,2026-11-22,UTA,DAL,130,121,4
0022600285,2026-11-22,NYK,IND,152,122,4
0022600286,2026-11-22,GSW,BOS,117,122,4
0022600287,2026-11-23,CHA,MEM,121,103,4
0022600288,2026-11-23,PHI,POR,105,119,4
0022600289,2026-11-23,IND,OKC,98,110,4
0022600290,2026-11-23,TOR,MIL,133,124,5
0022600291,2026-11-23,MIN,BKN,152,119,4
0022600292,2026-11-23,CHI,CLE,148,121,4
0022600293,2026-11-23,NOP,PHX,110,120,4
0022600294,2026-11-23,HOU,LAC,134,112,4
0022600295,2026-11-23,LAL,UTA,126,132,4
0022600296,2026-11-23,SAC,SAS,108,127,4
0022600052,2026-11-24,ORL,DET,115,94,4
0022600053,2026-11-24,WAS,BOS,115,121,4
0022600054,2026-11-24,DEN,DAL,135,131,4
0022600055,2026-11-25,PHI,MIA,117,121,4
0022600056,2026-11-25,CHA,CHI,106,107,4
0022600057,2026-11-25,NYK,CLE,112,110,4
0022600058,2026-11-25,OKC,MIN,138,112,4
0022600059,2026-11-25,MEM,LAC,109,76,4
0022600060,2026-11-25,MIL,BKN,116,102,4
0022600061,2026-11-25,HOU,PHX,100,99,4
0022600062,2026-11-25,GSW,SAC,113,92,4
0022600063,2026-11-25,POR,SAS,115,103,4
0022600064,2026-11-27,NYK,MIA,107,100,4
0022600065,2026-11-27,DET,MIL,120,105,4
0022600066,2026-11-27,IND,PHI,80,87,4
0022600067,2026-11-27,TOR,BKN,119,120,4
0022600068,2026-11-27,BOS,ATL,123,120,4
0022600069,2026-11-27,MIN,MEM,118,117,4
0022600070,2026-11-27,PHX,DAL,122,113,4
0022600071,2026-11-27,SAS,LAL,107,99,4
0022600072,2026-11-27,UTA,DEN,110,132,4
0022600073,2026-11-27,LAC,NOP,140,120,4
0022600074,2026-11-27,POR,GSW,109,105,4
0022600297,2026-11-28,WAS,ORL,108,115,4
0022600298,2026-11-28,CHA,BKN,119,96,4
0022600299,2026-11-28,CHI,IND,116,105,4
0022600300,2026-11-28,MIL,OKC,119,108,4
0022600301,2026-11-28,HOU,PHI,124,96,4
0022600302,2026-11-29,MEM,LAL,122,132,4
0022600303,2026-11-29,SAS,BOS,115,129,4
0022600304,2026-11-29,UTA,PHX,99,92,4
0022600305,2026-11-29,CLE,MIA,127,93,4
0022600306,2026-11-29,DET,ORL,133,142,4
0022600307,2026-11-29,NYK,ATL,99,113,4
0022600308,2026-11-29,TOR,DEN,110,117,4
0022600309,2026-11-29,POR,NOP,130,103,4
0022600310,2026-11-29,GSW,LAC,118,91,4
0022600311,2026-11-29,SAC,MIN,111,139,4
0022600312,2026-11-30,CHA,WAS,123,115,4
0022600313,2026-11-30,DET,DEN,125,110,4
0022600314,2026-11-30,BKN,OKC,98,126,4
0022600315,2026-11-30,HOU,LAL,130,100,4
0022600316,2026-11-30,DAL,BOS,111,119,4
0022600317,2026-11-30,MIL,SAS,104,153,4
0022600318,2026-11-30,SAC,NOP,126,109,4
0022600319,2026-12-01,CLE,IND,111,126,4
0022600320,2026-12-01,PHI,MEM,139,127,4
0022600321,2026-12-01,MIA,ATL,128,120,4
0022600322,2026-12-01,CHI,NYK,132,114,4
0022600323,2026-12-01,HOU,TOR,108,106,4
0022600324,2026-12-01,PHX,LAC,125,117,4
0022600325,2026-12-01,POR,MIN,115,103,4
0022600326,2026-12-01,GSW,UTA,129,125,4
0022600327,2026-12-02,DET,MEM,119,120,4
0022600328,2026-12-02,PHI,DEN,91,119,4
0022600329,2026-12-02,BOS,CHA,112,114,4
0022600330,2026-12-02,DAL,ORL,148,112,4
0022600331,2026-12-02,MIL,NYK,134,122,4
0022600332,2026-12-02,NOP,LAL,107,94,4
0022600333,2026-12-02,OKC,BKN,112,98,4
0022600334,2026-12-02,PHX,SAC,101,87,4
0022600335,2026-12-02,LAC,MIN,107,118,4
0022600336,2026-12-03,ATL,IND,129,123,4
0022600337,2026-12-03,MIA,WAS,115,129,4
0022600338,2026-12-03,CHI,CLE,112,121,4
0022600339,2026-12-03,SAS,TOR,113,119,4
0022600340,2026-12-03,POR,UTA,126,106,4
0022600341,2026-12-12,MEM,MIL,132,139,4
0022600342,2026-12-12,WAS,CHA,118,119,4
0022600343,2026-12-12,PHI,ORL,121,136,4
0022600344,2026-12-12,CLE,GSW,128,106,4
0022600345,2026-12-12,MIA,NYK,110,116,4
0022600346,2026-12-12,PHX,MIN,125,122,4
0022600347,2026-12-12,UTA,DEN,126,135,4
0022600348,2026-12-12,POR,ATL,129,117,4
0022600349,2026-12-13,BKN,BOS,91,114,4
0022600350,2026-12-13,OKC,TOR,140,130,4
0022600351,2026-12-13,IND,DET,120,128,4
0022600352,2026-12-13,CHI,HOU,100,122,4
0022600353,2026-12-13,SAS,LAC,106,98,4
0022600354,2026-12-13,SAC,NOP,119,151,4
0022600355,2026-12-14,CHA,TOR,118,105,4
0022600356,2026-12-14,DET,BKN,122,111,4
0022600357,2026-12-14,ORL,PHI,123,115,4
0022600358,2026-12-14,BOS,WAS,135,99,4
0022600359,2026-12-14,CHI,MIA,108,122,4
0022600360,2026-12-14,DAL,MIL,96,118,4
0022600361,2026-12-14,MEM,GSW,141,113,4
0022600362,2026-12-14,HOU,NYK,121,118,4
0022600363,2026-12-14,PHX,ATL,117,122,4
0022600364,2026-12-14,UTA,MIN,117,101,4
0022600365,2026-12-14,LAL,NOP,128,118,4
0022600366,2026-12-15,CLE,SAS,145,121,4
0022600367,2026-12-15,POR,DEN,129,116,4
0022600368,2026-12-16,BOS,WAS,120,130,4
0022600369,2026-12-16,CHA,LAC,116,115,4
0022600370,2026-12-16,DET,PHX,119,125,4
0022600371,2026-12-16,IND,GSW,123,128,4
0022600372,2026-12-16,ORL,CLE,127,128,5
0022600373,2026-12-16,BKN,DAL,130,103,4
0022600374,2026-12-16,TOR,SAS,99,123,4
0022600375,2026-12-16,CHI,UTA,130,123,4
0022600376,2026-12-16,MEM,MIA,103,120,4
0022600377,2026-12-16,NOP,NYK,113,134,4
0022600378,2026-12-16,OKC,SAC,104,95,4
0022600379,2026-12-16,HOU,MIL,120,112,4
0022600380,2026-12-16,MIN,LAL,125,119,4
0022600381,2026-12-17,IND,POR,125,141,4
0022600382,2026-12-17,PHI,DAL,114,97,4
0022600383,2026-12-17,DEN,ATL,133,117,4
0022600384,2026-12-18,CHA,OKC,121,111,4
0022600385,2026-12-18,MIA,LAC,113,104,4
0022600386,2026-12-18,WAS,NYK,125,105,4
0022600387,2026-12-18,BOS,UTA,108,129,4
0022600388,2026-12-18,BKN,ORL,103,115,4
0022600389,2026-12-18,DET,CLE,124,122,4
0022600390,2026-12-18,TOR,GSW,109,96,4
0022600391,2026-12-18,MEM,HOU,126,123,4
0022600392,2026-12-18,MIL,PHX,108,95,4
0022600393,2026-12-18,MIN,LAL,129,120,4
0022600394,2026-12-18,NOP,SAC,133,114,4
0022600395,2026-12-18,SAS,CHI,119,102,4
0022600396,2026-12-19,CHA,POR,109,106,4
0022600397,2026-12-19,ATL,ORL,121,88,4
0022600398,2026-12-19,DAL,CHI,126,125,4
0022600399,2026-12-19,DEN,LAL,127,126,4
0022600400,2026-12-20,BKN,WAS,110,118,4
0022600401,2026-12-20,TOR,HOU,109,87,4
0022600402,2026-12-20,MEM,PHX,134,128,4
0022600403,2026-12-20,CLE,UTA,137,139,4
0022600404,2026-12-20,MIA,SAC,114,101,4
0022600405,2026-12-20,ATL,OKC,104,108,4
0022600406,2026-12-20,NOP,SAS,96,120,4
0022600407,2026-12-20,BOS,DET,123,110,4
0022600408,2026-12-20,MIL,GSW,125,86,4
0022600409,2026-12-20,LAC,IND,113,129,4
0022600410,2026-12-21,CHA,PHI,105,110,4
0022600411,2026-12-21,CLE,NYK,98,121,4
0022600412,2026-12-21,ORL,SAC,134,110,4
0022600413,2026-12-21,BKN,POR,99,103,4
0022600414,2026-12-21,MIA,CHI,108,129,4
0022600415,2026-12-21,MIN,PHX,87,127,4
0022600416,2026-12-21,NOP,MEM,110,121,4
0022600417,2026-12-21,SAS,MIL,97,123,4
0022600418,2026-12-21,LAL,IND,105,120,4
0022600419,2026-12-21,LAC,DEN,120,92,4
0022600420,2026-12-22,WAS,TOR,109,107,4
0022600421,2026-12-22,OKC,DET,95,99,4
0022600422,2026-12-22,GSW,DAL,107,101,4
0022600423,2026-12-23,ATL,DET,112,118,4
0022600424,2026-12-23,ORL,CHA,121,102,4
0022600425,2026-12-23,WAS,CLE,131,138,4
0022600426,2026-12-23,BOS,POR,121,108,4
0022600427,2026-12-23,BKN,SAS,107,142,4
0022600428,2026-12-23,MIA,CHI,117,108,4
0022600429,2026-12-23,NYK,UTA,116,110,4
0022600430,2026-12-23,PHI,HOU,103,126,4
0022600431,2026-12-23,MEM,TOR,94,109,4
0022600432,2026-12-23,MIL,MIN,132,126,4
0022600433,2026-12-23,NOP,OKC,126,123,4
0022600434,2026-12-23,PHX,IND,124,104,4
0022600435,2026-12-23,LAL,DEN,117,119,4
0022600436,2026-12-23,SAC,DAL,113,129,4
0022600437,2026-12-23,LAC,GSW,130,132,4
0022600010,2026-12-25,NYK,SAS,123,116,4
0022600011,2026-12-25,BOS,MIA,117,123,4
0022600012,2026-12-25,LAL,PHI,117,111,4
0022600013,2026-12-25,MIN,OKC,121,125,4
0022600014,2026-12-25,GSW,DEN,115,106,4
0022600438,2026-12-26,WAS,POR,102,111,4
0022600439,2026-12-26,ATL,CHA,128,94,4
0022600440,2026-12-26,UTA,IND,133,126,4
0022600441,2026-12-26,BKN,NOP,119,115,4
0022600442,2026-12-26,ORL,TOR,104,112,4
0022600443,2026-12-26,CHI,DET,103,110,4
0022600444,2026-12-26,DAL,PHX,103,94,4
0022600445,2026-12-26,LAC,MEM,109,119,4
0022600446,2026-12-27,HOU,OKC,109,95,4
0022600447,2026-12-27,CLE,WAS,147,139,4
0022600448,2026-12-27,MIA,CHA,122,128,4
0022600449,2026-12-27,NYK,BKN,123,98,4
0022600450,2026-12-27,ORL,MIL,105,120,4
0022600451,2026-12-27,SAC,UTA,126,104,4
0022600452,2026-12-27,DET,POR,117,120,4
0022600453,2026-12-27,SAS,ATL,108,107,4
0022600454,2026-12-27,DEN,IND,83,110,4
0022600455,2026-12-27,GSW,MIN,114,113,4
0022600456,2026-12-27,LAC,PHI,98,107,4
0022600457,2026-12-27,LAL,MEM,108,126,4
0022600458,2026-12-28,TOR,NOP,125,116,4
0022600459,2026-12-28,BOS,CLE,99,114,4
0022600460,2026-12-28,PHX,GSW,112,119,4
0022600461,2026-12-28,DEN,MIN,141,139,5
0022600462,2026-12-29,ATL,CHI,118,119,4
0022600463,2026-12-29,CHA,ORL,96,80,4
0022600464,2026-12-29,IND,LAC,118,114,4
0022600465,2026-12-29,DAL,MIA,99,122,4
0022600466,2026-12-29,MEM,SAS,89,107,4
0022600467,2026-12-29,OKC,MIL,118,112,4
0022600468,2026-12-29,POR,BKN,119,106,4
0022600469,2026-12-29,SAC,PHI,102,104,4
0022600470,2026-12-29,LAL,HOU,109,96,4
0022600471,2026-12-30,DET,NOP,128,96,4
0022600472,2026-12-30,TOR,WAS,119,94,4
0022600473,2026-12-30,CHI,BOS,109,139,4
0022600474,2026-12-30,PHX,PHI,94,109,4
0022600475,2026-12-30,UTA,NYK,113,105,4
0022600476,2026-12-30,GSW,HOU,105,115,4
0022600477,2026-12-31,CHA,SAS,123,116,4
0022600478,2026-12-31,ATL,MIL,118,106,4
0022600479,2026-12-31,CLE,LAC,135,116,4
0022600480,2026-12-31,IND,ORL,98,112,4
0022600481,2026-12-31,MIN,DEN,132,106,4
0022600482,2026-12-31,SAC,BKN,110,122,4
0022600483,2026-12-31,NOP,LAL,105,115,4
0022600484,2026-12-31,OKC,MIA,119,114,4
0022600485,2026-12-31,PHX,NYK,129,120,5
0022600486,2027-01-01,WAS,SAS,113,119,4
0022600487,2027-01-01,DET,ORL,107,106,4
0022600488,2027-01-01,TOR,LAC,121,93,4
0022600489,2027-01-01,MIL,PHI,108,116,4
0022600490,2027-01-01,HOU,DAL,117,118,4
0022600491,2027-01-01,UTA,BOS,116,133,4
0022600492,2027-01-02,CHA,CLE,115,95,4
0022600493,2027-01-02,DEN,NYK,125,126,4
0022600494,2027-01-02,IND,MIN,99,118,4
0022600495,2027-01-02,NOP,MIA,103,110,4
0022600496,2027-01-02,ATL,DAL,115,108,4
0022600497,2027-01-02,CHI,LAL,127,100,4
0022600498,2027-01-02,OKC,UTA,108,92,4
0022600499,2027-01-02,GSW,BKN,127,119,4
0022600500,2027-01-02,PHX,SAC,129,92,4
0022600501,2027-01-02,POR,BOS,100,111,4
0022600502,2027-01-03,DEN,DET,115,114,4
0022600503,2027-01-03,MIL,CHA,110,113,4
0022600504,2027-01-03,ORL,MEM,104,100,4
0022600505,2027-01-03,TOR,LAL,101,97,4
0022600506,2027-01-03,WAS,LAC,121,87,4
0022600507,2027-01-03,HOU,CLE,125,110,4
0022600508,2027-01-03,MIN,SAS,120,125,4
0022600509,2027-01-03,OKC,SAC,99,95,4
0022600510,2027-01-04,IND,CHI,107,111,4
0022600511,2027-01-04,PHI,ATL,106,107,4
0022600512,2027-01-04,NOP,DAL,129,108,4
0022600513,2027-01-04,PHX,BOS,120,116,4
0022600514,2027-01-04,UTA,BKN,102,127,4
0022600515,2027-01-04,POR,NYK,110,143,4
0022600516,2027-01-05,CHA,ATL,128,96,4
0022600517,2027-01-05,CLE,TOR,112,108,4
0022600518,2027-01-05,ORL,LAC,117,112,4
0022600519,2027-01-05,WAS,LAL,122,100,4
0022600520,2027-01-05,MIA,MEM,117,92,4
0022600521,2027-01-05,CHI,MIL,139,153,4
0022600522,2027-01-05,HOU,MIN,111,108,4
0022600523,2027-01-05,DEN,PHX,104,105,4
0022600524,2027-01-05,SAC,DET,129,123,4
0022600525,2027-01-06,BKN,UTA,116,138,4
0022600526,2027-01-06,PHI,OKC,117,120,4
0022600527,2027-01-06,NOP,POR,109,123,4
0022600528,2027-01-06,SAS,IND,126,119,4
0022600529,2027-01-06,GSW,NYK,110,125,4
0022600530,2027-01-07,ATL,IND,124,115,4
0022600531,2027-01-07,CHA,DEN,134,115,4
0022600532,2027-01-07,ORL,CLE,113,114,4
0022600533,2027-01-07,WAS,OKC,113,131,4
0022600534,2027-01-07,BKN,MIA,108,124,4
0022600535,2027-01-07,TOR,MIN,116,104,4
0022600536,2027-01-07,DAL,POR,120,128,4
0022600537,2027-01-07,MIL,LAC,129,113,4
0022600538,2027-01-07,HOU,MEM,118,106,4
0022600539,2027-01-07,GSW,DET,113,121,4
0022600540,2027-01-07,LAL,BOS,115,120,4
0022600541,2027-01-07,SAC,CHI,112,125,4
0022600542,2027-01-08,PHI,MIA,109,119,4
0022600543,2027-01-08,WAS,MIN,114,103,4
0022600544,2027-01-08,TOR,UTA,124,113,4
0022600545,2027-01-08,NOP,ORL,108,117,4
0022600546,2027-01-08,SAS,MEM,120,134,4
0022600547,2027-01-08,DAL,PHX,124,94,4
0022600548,2027-01-08,LAL,DET,112,109,4
0022600549,2027-01-08,SAC,NYK,118,120,4
0022600550,2027-01-09,CLE,DEN,139,113,4
0022600551,2027-01-09,BKN,HOU,119,107,4
0022600552,2027-01-09,IND,MIL,130,113,4
0022600553,2027-01-09,GSW,CHI,118,134,4
0022600554,2027-01-09,POR,CHA,99,109,4
0022600555,2027-01-09,LAC,BOS,113,116,4
0022600556,2027-01-10,ATL,SAS,128,115,4
0022600557,2027-01-10,DET,UTA,114,113,4
0022600558,2027-01-10,MIA,NOP,107,106,4
0022600559,2027-01-10,ORL,OKC,103,110,4
0022600560,2027-01-10,TOR,PHI,100,102,4
0022600561,2027-01-10,MEM,DAL,137,108,4
0022600562,2027-01-10,PHX,CHI,120,117,4
0022600563,2027-01-10,SAC,CHA,110,116,5
0022600564,2027-01-11,IND,BKN,121,113,4
0022600565,2027-01-11,WAS,ATL,106,114,4
0022600566,2027-01-11,BOS,HOU,114,130,4
0022600567,2027-01-11,NYK,DEN,117,116,4
0022600568,2027-01-11,MIN,CLE,107,112,4
0022600569,2027-01-11,LAC,LAL,94,115,4
0022600570,2027-01-12,MIA,BKN,104,131,4
0022600571,2027-01-12,TOR,DET,93,92,4
0022600572,2027-01-12,PHI,WAS,123,125,4
0022600573,2027-01-12,MEM,DAL,113,124,4
0022600574,2027-01-12,MIL,DEN,104,112,4
0022600575,2027-01-12,UTA,CHI,122,111,4
0022600576,2027-01-12,POR,ORL,111,122,4
0022600577,2027-01-12,GSW,SAC,113,112,4
0022600578,2027-01-13,ATL,CLE,103,112,4
0022600579,2027-01-13,BOS,NYK,123,124,4
0022600580,2027-01-13,IND,MIL,123,119,4
0022600581,2027-01-13,TOR,PHX,123,121,4
0022600582,2027-01-13,OKC,HOU,101,89,4
0022600583,2027-01-13,GSW,CHA,112,103,4
0022600584,2027-01-13,POR,LAL,113,127,4
0022600075,2027-01-14,SAS,NOP,113,95,4
0022600585,2027-01-14,DET,DAL,109,101,4
0022600586,2027-01-14,PHI,BKN,117,125,4
0022600587,2027-01-14,NYK,MIA,134,120,4
0022600588,2027-01-14,CHI,MIN,136,112,4
0022600589,2027-01-14,DEN,MEM,111,114,4
0022600590,2027-01-14,UTA,CHA,107,109,4
0022600591,2027-01-14,LAL,ORL,132,115,4
0022600592,2027-01-14,SAC,LAC,119,113,4
0022600593,2027-01-15,ATL,GSW,101,128,4
0022600594,2027-01-15,IND,PHX,102,115,4
0022600595,2027-01-15,TOR,MIA,125,113,4
0022600596,2027-01-15,MIL,CLE,126,117,4
0022600597,2027-01-15,OKC,UTA,124,105,4
0022600598,2027-01-15,HOU,WAS,108,101,4
0022600599,2027-01-15,POR,SAC,100,126,4
0022600600,2027-01-15,LAC,ORL,124,116,4
0022600601,2027-01-16,PHI,MIN,123,127,4
0022600602,2027-01-16,BOS,BKN,113,112,4
0022600603,2027-01-16,NYK,DAL,109,96,4
0022600604,2027-01-16,MEM,CLE,128,134,4
0022600605,2027-01-16,HOU,DET,122,120,4
0022600606,2027-01-16,DEN,CHA,110,127,4
0022600076,2027-01-17,NOP,SAS,114,102,4
0022600607,2027-01-17,WAS,IND,122,105,4
0022600608,2027-01-17,CHI,TOR,82,125,4
0022600609,2027-01-17,OKC,POR,118,104,4
0022600610,2027-01-17,UTA,SAC,111,110,4
0022600611,2027-01-17,MIA,GSW,143,135,5
0022600612,2027-01-17,DEN,ORL,116,102,4
0022600613,2027-01-17,LAL,MIL,139,127,4
0022600077,2027-01-18,CLE,DET,115,118,4
0022600078,2027-01-18,ATL,PHI,133,99,4
0022600079,2027-01-18,NYK,MIN,128,111,4
0022600080,2027-01-18,MEM,HOU,107,109,4
0022600614,2027-01-18,WAS,BOS,110,104,4
0022600615,2027-01-18,DAL,OKC,126,118,4
0022600616,2027-01-18,LAC,PHX,111,113,4
0022600617,2027-01-19,ORL,GSW,105,108,4
0022600618,2027-01-19,PHI,IND,104,96,4
0022600619,2027-01-19,TOR,CHI,100,104,4
0022600620,2027-01-19,MIA,POR,100,103,4
0022600621,2027-01-19,DAL,CHA,103,98,4
0022600622,2027-01-19,DEN,UTA,134,115,4
0022600623,2027-01-19,SAC,LAL,113,124,4
0022600624,2027-01-20,ATL,POR,96,145,4
0022600625,2027-01-20,BKN,CHI,96,123,4
0022600626,2027-01-20,BOS,IND,117,114,4
0022600627,2027-01-20,NYK,TOR,121,118,4
0022600628,2027-01-20,MIN,HOU,124,109,4
0022600629,2027-01-20,NOP,OKC,126,107,4
0022600630,2027-01-20,PHX,MEM,108,109,4
0022600631,2027-01-20,UTA,LAC,118,109,4
0022600632,2027-01-20,SAS,MIA,116,125,4
0022600633,2027-01-20,SAC,MIL,108,139,4
0022600634,2027-01-21,BOS,PHI,130,103,4
0022600635,2027-01-21,BKN,CLE,110,117,4
0022600636,2027-01-21,DEN,WAS,134,115,4
0022600637,2027-01-21,GSW,LAL,112,128,4
0022600638,2027-01-22,ATL,NYK,116,104,4
0022600639,2027-01-22,CHA,HOU,113,116,4
0022600640,2027-01-22,ORL,POR,114,95,4
0022600641,2027-01-22,DET,IND,137,131,4
0022600642,2027-01-22,NOP,DAL,126,121,4
0022600643,2027-01-22,OKC,MEM,106,95,4
0022600644,2027-01-22,PHX,UTA,126,114,4
0022600645,2027-01-22,SAS,MIN,115,111,4
0022600646,2027-01-22,GSW,MIL,109,91,4
0022600647,2027-01-22,LAL,SAC,131,113,4
0022600648,2027-01-22,LAC,WAS,147,122,4
0022600649,2027-01-23,CHI,PHI,114,113,4
0022600650,2027-01-23,BKN,TOR,90,116,4
0022600651,2027-01-23,BOS,CHA,131,119,4
0022600652,2027-01-23,MIA,ATL,105,135,4
0022600653,2027-01-23,DAL,CLE,114,128,4
0022600654,2027-01-23,DEN,MIL,101,124,4
0022600655,2027-01-24,SAS,POR,117,139,4
0022600656,2027-01-24,PHX,UTA,108,124,4
0022600657,2027-01-24,LAL,WAS,113,125,4
0022600658,2027-01-24,DET,MIN,88,77,4
0022600659,2027-01-24,ORL,HOU,103,113,4
0022600660,2027-01-24,NYK,LAC,109,114,4
0022600661,2027-01-24,GSW,OKC,91,112,4
0022600662,2027-01-25,BOS,TOR,134,110,4
0022600663,2027-01-25,CHA,ORL,113,127,4
0022600664,2027-01-25,PHI,LAC,138,121,4
0022600665,2027-01-25,BKN,MIA,120,118,4
0022600666,2027-01-25,CHI,DAL,135,130,5
0022600667,2027-01-25,MEM,MIN,119,115,4
0022600668,2027-01-25,NOP,CLE,102,122,4
0022600669,2027-01-25,DEN,SAC,107,94,4
0022600670,2027-01-26,DET,ATL,125,102,4
0022600671,2027-01-26,IND,CHI,99,116,4
0022600672,2027-01-26,NYK,PHX,117,141,4
0022600673,2027-01-26,SAS,HOU,120,108,4
0022600674,2027-01-26,UTA,MIL,115,128,4
0022600675,2027-01-26,POR,WAS,113,109,4
0022600676,2027-01-26,LAL,OKC,117,126,4
0022600677,2027-01-27,CLE,DET,113,121,4
0022600678,2027-01-27,PHI,SAC,101,107,4
0022600679,2027-01-27,BOS,LAC,112,103,4
0022600680,2027-01-27,BKN,PHX,131,109,4
0022600681,2027-01-27,TOR,DAL,106,98,4
0022600682,2027-01-27,SAS,CHA,133,100,4
0022600683,2027-01-27,HOU,NOP,138,113,4
0022600684,2027-01-27,MIN,DEN,133,97,4
0022600685,2027-01-27,POR,GSW,114,98,4
0022600686,2027-01-28,IND,LAL,110,96,4
0022600687,2027-01-28,NYK,ATL,133,125,4
0022600688,2027-01-28,ORL,CHI,106,116,4
0022600689,2027-01-28,WAS,SAC,82,123,4
0022600690,2027-01-28,NOP,PHI,117,116,4
0022600691,2027-01-28,OKC,MEM,132,98,4
0022600692,2027-01-28,UTA,GSW,113,109,4
0022600693,2027-01-28,MIL,MIA,101,130,4
0022600694,2027-01-29,TOR,CLE,128,123,5
0022600695,2027-01-29,BOS,PHX,114,122,4
0022600696,2027-01-29,BKN,LAC,101,110,4
0022600697,2027-01-29,DAL,DET,114,115,4
0022600698,2027-01-29,HOU,ORL,106,103,4
0022600699,2027-01-29,MIN,CHA,94,117,4
0022600700,2027-01-30,MIA,PHI,108,131,4
0022600701,2027-01-30,OKC,DEN,147,137,4
0022600702,2027-01-30,GSW,SAS,131,115,4
0022600703,2027-01-30,IND,WAS,115,128,4
0022600704,2027-01-30,CLE,NOP,126,120,4
0022600705,2027-01-30,MIL,ATL,118,109,4
0022600706,2027-01-30,NYK,LAL,119,101,4
0022600707,2027-01-30,UTA,MEM,104,116,4
0022600708,2027-01-31,DET,SAC,129,92,4
0022600709,2027-01-31,ORL,BKN,114,132,4
0022600710,2027-01-31,TOR,BOS,97,121,4
0022600711,2027-01-31,MIN,PHX,116,119,4
0022600712,2027-01-31,OKC,CHI,98,89,4
0022600713,2027-01-31,CHA,LAL,107,113,4
0022600714,2027-01-31,DEN,POR,116,139,4
0022600715,2027-01-31,DAL,HOU,120,115,4
0022600716,2027-02-01,ATL,WAS,100,121,4
0022600717,2027-02-01,PHI,NOP,113,105,4
0022600718,2027-02-01,BKN,NYK,105,114,4
0022600719,2027-02-01,IND,MIA,120,105,4
0022600720,2027-02-01,MIL,MEM,107,103,4
0022600721,2027-02-01,UTA,CLE,116,133,4
0022600722,2027-02-01,GSW,SAS,102,120,4
0022600723,2027-02-02,DET,CHI,129,123,4
0022600724,2027-02-02,ORL,NOP,115,134,4
0022600725,2027-02-02,MIA,CHA,118,113,4
0022600726,2027-02-02,BOS,LAL,128,120,4
0022600727,2027-02-02,DAL,TOR,128,123,4
0022600728,2027-02-02,DEN,OKC,94,141,4
0022600729,2027-02-02,LAC,SAS,86,104,4
0022600730,2027-02-02,POR,MIN,126,116,4
0022600731,2027-02-03,DET,NYK,120,116,4
0022600732,2027-02-03,IND,ATL,121,132,4
0022600733,2027-02-03,MEM,PHI,124,123,4
0022600734,2027-02-03,PHX,CLE,94,103,4
0022600735,2027-02-03,HOU,UTA,137,99,4
0022600736,2027-02-03,LAC,GSW,107,105,4
0022600737,2027-02-04,WAS,NOP,100,119,4
0022600738,2027-02-04,BKN,LAL,91,121,4
0022600739,2027-02-04,CHA,BOS,88,126,4
0022600740,2027-02-04,MIA,MIL,119,121,4
0022600741,2027-02-04,NYK,TOR,137,130,5
0022600742,2027-02-04,CHI,OKC,117,115,4
0022600743,2027-02-04,SAS,ORL,106,97,4
0022600744,2027-02-04,DEN,DAL,101,111,4
0022600745,2027-02-04,POR,CLE,109,114,4
0022600746,2027-02-04,SAC,MIN,125,105,4
0022600747,2027-02-05,ATL,BOS,112,111,4
0022600748,2027-02-05,CHA,GSW,132,113,4
0022600749,2027-02-05,PHI,DET,101,86,4
0022600750,2027-02-05,DEN,LAC,114,108,4
0022600751,2027-02-05,PHX,HOU,126,121,4
0022600752,2027-02-05,OKC,IND,111,87,4
0022600753,2027-02-06,DAL,UTA,136,118,4
0022600754,2027-02-06,MIN,MIA,113,117,4
0022600755,2027-02-06,MEM,POR,106,128,4
0022600756,2027-02-06,BKN,WAS,116,102,4
0022600757,2027-02-06,CLE,ORL,125,114,4
0022600758,2027-02-06,TOR,MIL,119,118,4
0022600759,2027-02-06,CHI,NOP,146,111,4
0022600760,2027-02-06,SAS,LAL,128,131,4
0022600761,2027-02-06,SAC,PHX,103,104,4
0022600762,2027-02-07,ATL,DEN,132,124,4
0022600763,2027-02-07,DET,GSW,118,115,5
0022600764,2027-02-07,MIN,UTA,139,119,4
0022600765,2027-02-07,DAL,LAC,142,143,4
0022600766,2027-02-07,TOR,CHA,102,97,4
0022600767,2027-02-07,PHI,BOS,111,107,4
0022600768,2027-02-07,OKC,NYK,128,126,4
0022600769,2027-02-07,SAC,HOU,99,127,4
0022600770,2027-02-08,ATL,MIA,125,87,4
0022600771,2027-02-08,IND,NOP,120,114,4
0022600772,2027-02-08,PHI,BKN,115,112,4
0022600773,2027-02-08,WAS,CHI,110,131,4
0022600774,2027-02-08,MEM,POR,105,111,4
0022600775,2027-02-08,MIL,ORL,116,109,4
0022600776,2027-02-08,PHX,LAL,118,127,4
0022600777,2027-02-09,CLE,TOR,111,120,4
0022600778,2027-02-09,BOS,DEN,133,88,4
0022600779,2027-02-09,BKN,MIN,113,133,4
0022600780,2027-02-09,NYK,CHA,95,90,4
0022600781,2027-02-09,CHI,GSW,117,127,4
0022600782,2027-02-09,DAL,SAS,107,93,4
0022600783,2027-02-09,MIL,SAC,79,100,4
0022600784,2027-02-09,OKC,POR,111,101,4
0022600785,2027-02-09,UTA,HOU,128,143,4
0022600786,2027-02-09,LAC,DET,100,127,4
0022600787,2027-02-10,ATL,NOP,121,126,4
0022600788,2027-02-10,IND,CLE,117,115,4
0022600789,2027-02-10,WAS,MIA,92,96,4
0022600790,2027-02-10,BOS,GSW,140,147,5
0022600791,2027-02-10,MEM,ORL,129,124,5
0022600792,2027-02-10,PHX,DET,96,129,4
0022600793,2027-02-10,LAL,LAC,108,110,4
0022600794,2027-02-11,CHA,MIL,110,93,4
0022600795,2027-02-11,IND,UTA,113,116,4
0022600796,2027-02-11,PHI,NYK,116,103,4
0022600797,2027-02-11,DAL,POR,107,144,4
0022600798,2027-02-11,HOU,SAC,122,124,4
0022600799,2027-02-11,DEN,CHI,121,122,4
0022600800,2027-02-11,OKC,SAS,99,92,4
0022600801,2027-02-12,ATL,PHX,119,123,4
0022600802,2027-02-12,ORL,MIA,117,121,4
0022600803,2027-02-12,WAS,BKN,125,122,4
0022600804,2027-02-12,TOR,CLE,127,113,4
0022600805,2027-02-12,BOS,MIN,105,104,4
0022600806,2027-02-12,MEM,LAC,107,110,4
0022600807,2027-02-12,NOP,HOU,137,100,4
0022600808,2027-02-12,LAL,DEN,123,121,4
0022600809,2027-02-13,IND,SAC,107,122,4
0022600810,2027-02-13,CHA,DAL,105,122,4
0022600811,2027-02-13,POR,DET,107,114,4
0022600812,2027-02-13,OKC,PHI,109,90,4
0022600813,2027-02-13,ORL,SAS,119,125,4
0022600814,2027-02-13,WAS,MIL,123,130,4
0022600815,2027-02-13,NYK,GSW,110,126,4
0022600816,2027-02-14,ATL,SAC,143,124,4
0022600817,2027-02-14,BOS,TOR,116,117,5
0022600818,2027-02-14,CLE,PHX,112,114,4
0022600819,2027-02-14,MIA,BKN,113,96,4
0022600820,2027-02-14,HOU,DEN,110,117,4
0022600821,2027-02-14,NOP,LAC,113,97,4
0022600822,2027-02-14,POR,CHI,132,113,4
0022600081,2027-02-15,CHA,MIN,118,87,4
0022600082,2027-02-15,DAL,PHI,111,134,4
0022600083,2027-02-15,MIA,SAS,120,121,4
0022600084,2027-02-15,GSW,IND,98,102,4
0022600823,2027-02-15,WAS,PHX,120,123,4
0022600824,2027-02-15,MEM,NYK,94,112,4
0022600825,2027-02-15,OKC,ORL,133,116,4
0022600826,2027-02-15,UTA,DET,122,137,4
0022600827,2027-02-16,CLE,MIL,119,112,4
0022600828,2027-02-16,ATL,TOR,134,118,4
0022600829,2027-02-16,LAL,CHI,124,127,4
0022600830,2027-02-16,POR,NOP,123,115,4
0022600831,2027-02-16,LAC,HOU,109,124,4
0022600832,2027-02-17,CHA,TOR,119,124,4
0022600833,2027-02-17,CLE,MIL,131,108,4
0022600834,2027-02-17,DET,NYK,118,108,4
0022600835,2027-02-17,ORL,DAL,139,99,4
0022600836,2027-02-17,PHI,PHX,128,116,4
0022600837,2027-02-17,WAS,MIA,121,112,4
0022600838,2027-02-17,BKN,ATL,97,124,4
0022600839,2027-02-17,MEM,SAS,104,119,4
0022600840,2027-02-17,DEN,UTA,141,122,4
0022600841,2027-02-17,OKC,BOS,124,104,4
0022600842,2027-02-17,GSW,NOP,132,113,4
0022600843,2027-02-17,SAC,IND,127,131,4
0022600844,2027-02-17,LAC,CHI,112,143,4
0022600845,2027-02-18,MIN,SAS,99,119,4
0022600846,2027-02-18,MEM,BOS,111,105,4
0022600847,2027-02-18,LAL,HOU,97,86,4
0022600848,2027-02-18,POR,IND,100,113,4
0022600849,2027-02-25,CLE,SAC,131,123,4
0022600850,2027-02-25,DET,MIA,125,109,4
0022600851,2027-02-25,ORL,CHA,104,87,4
0022600852,2027-02-25,BKN,PHI,104,121,4
0022600853,2027-02-25,NYK,OKC,115,119,4
0022600854,2027-02-25,CHI,ATL,134,135,5
0022600855,2027-02-25,MIL,WAS,97,111,4
0022600856,2027-02-25,NOP,PHX,99,124,4
0022600857,2027-02-25,GSW,DAL,145,121,4
0022600858,2027-02-25,LAC,UTA,100,126,4
0022600859,2027-02-26,BOS,CLE,122,140,4
0022600860,2027-02-26,TOR,ATL,104,111,4
0022600861,2027-02-26,MIN,IND,107,111,4
0022600862,2027-02-26,SAS,MEM,148,107,4
0022600863,2027-02-26,HOU,CHA,106,98,4
0022600864,2027-02-26,DEN,LAL,113,122,4
0022600865,2027-02-26,POR,DAL,134,100,4
0022600866,2027-02-27,UTA,WAS,128,103,4
0022600867,2027-02-27,DET,OKC,103,118,4
0022600868,2027-02-27,CHI,BKN,120,118,4
0022600869,2027-02-27,MEM,SAC,131,107,4
0022600870,2027-02-27,NYK,PHI,108,120,4
0022600871,2027-02-27,PHX,NOP,115,119,4
0022600872,2027-02-28,SAS,DEN,117,119,4
0022600873,2027-02-28,DAL,LAL,136,124,4
0022600874,2027-02-28,IND,TOR,102,100,4
0022600875,2027-02-28,ORL,ATL,107,116,4
0022600876,2027-02-28,CHA,SAC,120,115,4
0022600877,2027-02-28,MIN,BOS,91,106,4
0022600878,2027-02-28,NYK,MIL,155,144,4
0022600879,2027-02-28,HOU,MIA,120,116,4
0022600880,2027-02-28,LAC,POR,100,125,4
0022600881,2027-03-01,CLE,PHI,100,108,4
0022600882,2027-03-01,DET,CHI,129,123,4
0022600883,2027-03-01,NOP,UTA,128,116,4
0022600884,2027-03-01,HOU,GSW,105,113,4
0022600885,2027-03-01,DEN,BKN,104,106,4
0022600886,2027-03-01,PHX,WAS,128,132,4
0022600887,2027-03-02,IND,BOS,97,109,4
0022600888,2027-03-02,ORL,LAL,116,114,4
0022600889,2027-03-02,MIA,TOR,122,118,4
0022600890,2027-03-02,NYK,MEM,90,116,4
0022600891,2027-03-02,DAL,GSW,106,111,4
0022600892,2027-03-02,MIL,DET,99,114,4
0022600893,2027-03-02,OKC,MIN,143,121,4
0022600894,2027-03-02,SAC,WAS,129,126,4
0022600895,2027-03-02,POR,LAC,114,122,4
0022600896,2027-03-03,ATL,CHI,121,118,4
0022600897,2027-03-03,PHI,CHA,120,133,4
0022600898,2027-03-03,MIA,TOR,119,117,4
0022600899,2027-03-03,MIL,UTA,124,134,4
0022600900,2027-03-03,HOU,NOP,125,114,4
0022600901,2027-03-03,PHX,BKN,117,120,4
0022600902,2027-03-03,DEN,SAS,123,137,4
0022600903,2027-03-04,CLE,POR,102,126,4
0022600904,2027-03-04,ORL,IND,133,131,4
0022600905,2027-03-04,PHI,LAL,124,135,4
0022600906,2027-03-04,ATL,MEM,134,116,4
0022600907,2027-03-04,DAL,NYK,119,127,4
0022600908,2027-03-04,GSW,WAS,113,108,4
0022600909,2027-03-04,SAC,OKC,104,115,4
0022600910,2027-03-04,LAC,BKN,128,115,4
0022600911,2027-03-05,DET,BOS,99,118,4
0022600912,2027-03-05,ORL,UTA,130,125,4
0022600913,2027-03-05,TOR,POR,93,123,4
0022600914,2027-03-05,NOP,MIL,100,119,4
0022600915,2027-03-05,PHX,MIN,130,114,4
0022600916,2027-03-05,HOU,SAS,100,111,4
0022600917,2027-03-06,MIA,IND,116,128,4
0022600918,2027-03-06,CHI,CHA,121,128,4
0022600919,2027-03-06,CLE,ATL,120,84,4
0022600920,2027-03-06,WAS,UTA,121,123,4
0022600921,2027-03-06,MEM,NOP,147,133,4
0022600922,2027-03-06,LAL,OKC,112,108,4
0022600923,2027-03-06,SAC,LAC,133,106,4
0022600924,2027-03-07,BOS,PHI,115,91,4
0022600925,2027-03-07,DEN,MIN,128,116,4
0022600926,2027-03-07,CHI,POR,138,128,4
0022600927,2027-03-07,SAS,NYK,136,105,4
0022600928,2027-03-07,GSW,HOU,121,109,4
0022600929,2027-03-07,LAL,BKN,121,109,4
0022600930,2027-03-08,IND,CHA,117,121,4
0022600931,2027-03-08,PHI,UTA,143,146,4
0022600932,2027-03-08,MIA,PHX,116,133,4
0022600933,2027-03-08,MEM,ATL,96,118,4
0022600934,2027-03-08,MIN,NOP,124,128,5
0022600935,2027-03-08,OKC,DAL,130,116,4
0022600936,2027-03-08,SAC,DEN,96,116,4
0022600937,2027-03-08,LAC,HOU,121,119,4
0022600938,2027-03-09,ORL,PHX,134,140,4
0022600939,2027-03-09,BKN,MIL,118,114,4
0022600940,2027-03-09,DET,CLE,123,135,4
0022600941,2027-03-09,CHI,BOS,112,91,4
0022600942,2027-03-09,DAL,MEM,128,114,4
0022600943,2027-03-09,SAS,WAS,122,118,4
0022600944,2027-03-09,GSW,POR,109,136,4
0022600945,2027-03-10,CHA,NOP,100,117,4
0022600946,2027-03-10,MIA,ORL,99,105,4
0022600947,2027-03-10,TOR,OKC,105,113,4
0022600948,2027-03-10,UTA,HOU,122,133,5
0022600949,2027-03-10,MIN,ATL,130,123,4
0022600950,2027-03-10,POR,DEN,133,127,4
0022600951,2027-03-10,SAC,GSW,106,117,4
0022600952,2027-03-10,LAC,NYK,99,121,4
0022600953,2027-03-11,CHA,IND,122,124,4
0022600954,2027-03-11,DET,MIL,116,127,4
0022600955,2027-03-11,BOS,MEM,115,111,4
0022600956,2027-03-11,SAS,PHI,122,100,4
0022600957,2027-03-11,ATL,BKN,107,98,4
0022600958,2027-03-11,CHI,PHX,134,99,4
0022600959,2027-03-11,DAL,WAS,130,111,4
0022600960,2027-03-11,LAL,NYK,109,112,4
0022600961,2027-03-11,LAC,CLE,122,127,4
0022600962,2027-03-12,BOS,OKC,110,125,4
0022600963,2027-03-12,MIL,MIA,114,124,4
0022600964,2027-03-12,NOP,TOR,98,87,4
0022600965,2027-03-12,UTA,SAC,142,124,4
0022600966,2027-03-12,DEN,GSW,122,101,4
0022600967,2027-03-12,LAL,CLE,112,107,4
0022600968,2027-03-13,ATL,ORL,123,108,4
0022600969,2027-03-13,DET,BKN,120,94,4
0022600970,2027-03-13,HOU,IND,112,95,4
0022600971,2027-03-13,CHA,PHX,119,123,4
0022600972,2027-03-13,CHI,MEM,148,124,4
0022600973,2027-03-13,DAL,NOP,127,105,4
0022600974,2027-03-13,MIN,PHI,100,106,4
0022600975,2027-03-13,POR,LAC,134,119,4
0022600976,2027-03-14,NYK,BOS,98,108,4
0022600977,2027-03-14,OKC,SAS,117,95,4
0022600978,2027-03-14,TOR,DET,111,104,4
0022600979,2027-03-14,SAC,CLE,119,100,4
0022600980,2027-03-14,DEN,MIA,122,123,4
0022600981,2027-03-14,MIN,WAS,101,117,4
0022600982,2027-03-14,LAL,GSW,124,100,4
0022600983,2027-03-15,PHI,TOR,128,115,4
0022600984,2027-03-15,BKN,IND,125,119,4
0022600985,2027-03-15,CHI,ORL,119,113,4
0022600986,2027-03-15,MEM,PHX,88,99,4
0022600987,2027-03-15,DAL,ATL,113,122,4
0022600988,2027-03-16,WAS,NYK,137,121,4
0022600989,2027-03-16,BOS,SAC,124,106,4
0022600990,2027-03-16,IND,DET,106,121,4
0022600991,2027-03-16,MIL,ORL,112,109,4
0022600992,2027-03-16,NOP,MIN,111,116,4
0022600993,2027-03-16,OKC,CHA,109,110,4
0022600994,2027-03-16,HOU,SAS,91,131,4
0022600995,2027-03-16,GSW,CLE,108,110,4
0022600996,2027-03-16,POR,LAL,94,113,4
0022600997,2027-03-16,LAC,DEN,117,105,4
0022600998,2027-03-17,PHI,CHI,121,104,4
0022600999,2027-03-17,NYK,SAC,98,106,4
0022601000,2027-03-17,OKC,DAL,125,123,4
0022601001,2027-03-17,HOU,BKN,113,84,4
0022601002,2027-03-17,UTA,ATL,116,108,4
0022601003,2027-03-17,GSW,MEM,108,122,4
0022601004,2027-03-17,LAL,PHX,119,116,4
0022601005,2027-03-17,POR,MIA,130,93,4
0022601006,2027-03-18,IND,TOR,108,119,4
0022601007,2027-03-18,WAS,PHI,130,137,4
0022601008,2027-03-18,BOS,ORL,106,102,4
0022601009,2027-03-18,MIL,DET,107,110,4
0022601010,2027-03-18,NOP,CHA,128,120,4
0022601011,2027-03-18,SAS,BKN,116,97,4
0022601012,2027-03-18,DEN,CLE,96,121,4
0022601013,2027-03-18,UTA,MIN,118,109,4
0022601014,2027-03-18,LAC,MEM,129,122,4
0022601015,2027-03-19,TOR,SAC,132,111,4
0022601016,2027-03-19,NOP,HOU,97,100,4
0022601017,2027-03-19,SAS,DAL,127,113,4
0022601018,2027-03-19,GSW,POR,103,121,4
0022601019,2027-03-19,LAL,ATL,125,130,4
0022601020,2027-03-19,PHX,MIA,118,105,4
0022601021,2027-03-20,NYK,WAS,104,103,4
0022601022,2027-03-20,ORL,DEN,134,113,4
0022601023,2027-03-20,CLE,CHI,152,137,4
0022601024,2027-03-20,DET,CHA,101,121,4
0022601025,2027-03-20,MEM,OKC,103,98,4
0022601026,2027-03-20,MIL,IND,144,114,4
0022601027,2027-03-20,LAC,ATL,110,120,4
0022601028,2027-03-21,BOS,NOP,134,122,4
0022601029,2027-03-21,BKN,SAC,107,122,4
0022601030,2027-03-21,UTA,TOR,114,131,4
0022601031,2027-03-21,PHX,POR,124,125,5
0022601032,2027-03-21,MIA,DEN,120,134,4
0022601033,2027-03-21,PHI,SAS,118,124,4
0022601034,2027-03-21,LAL,DAL,106,92,4
0022601035,2027-03-22,CLE,HOU,108,116,4
0022601036,2027-03-22,ORL,IND,120,125,4
0022601037,2027-03-22,CHI,SAC,155,115,4
0022601038,2027-03-22,MEM,CHA,129,109,4
0022601039,2027-03-22,MIL,WAS,131,102,4
0022601040,2027-03-22,MIN,DET,103,110,4
0022601041,2027-03-22,GSW,ATL,104,106,4
0022601042,2027-03-22,LAC,DAL,116,114,4
0022601043,2027-03-23,BKN,BOS,123,117,4
0022601044,2027-03-23,NYK,NOP,122,113,4
0022601045,2027-03-23,MIA,LAL,120,140,4
0022601046,2027-03-23,UTA,PHI,121,127,4
0022601047,2027-03-23,POR,TOR,124,119,4
0022601048,2027-03-23,PHX,OKC,109,140,4
0022601049,2027-03-24,CHA,DET,123,114,4
0022601050,2027-03-24,IND,MEM,114,122,4
0022601051,2027-03-24,WAS,DEN,106,107,4
0022601052,2027-03-24,BOS,SAS,128,93,4
0022601053,2027-03-24,NYK,HOU,117,111,4
0022601054,2027-03-24,CHI,ORL,134,129,4
0022601055,2027-03-24,MIN,DAL,127,120,4
0022601056,2027-03-24,GSW,PHI,103,118,4
0022601057,2027-03-24,PHX,OKC,109,97,4
0022601058,2027-03-24,SAC,ATL,135,141,5
0022601059,2027-03-24,LAC,MIL,95,91,4
0022601060,2027-03-25,CLE,LAL,112,101,4
0022601061,2027-03-25,DET,HOU,116,107,4
0022601062,2027-03-25,IND,SAS,140,125,4
0022601063,2027-03-25,BKN,DEN,106,95,4
0022601064,2027-03-25,MIA,UTA,119,115,4
0022601065,2027-03-25,MEM,CHI,138,128,4
0022601066,2027-03-25,GSW,TOR,93,85,4
0022601067,2027-03-26,CHA,NYK,112,118,4
0022601068,2027-03-26,DAL,NOP,136,106,4
0022601069,2027-03-26,MIN,ORL,119,142,4
0022601070,2027-03-26,OKC,LAC,130,131,4
0022601071,2027-03-26,PHX,MIL,131,88,4
0022601072,2027-03-26,POR,PHI,103,125,4
0022601073,2027-03-27,DET,SAS,121,86,4
0022601074,2027-03-27,ATL,UTA,122,133,4
0022601075,2027-03-27,WAS,GSW,109,82,4
0022601076,2027-03-27,MIA,BOS,117,123,4
0022601077,2027-03-27,CHI,LAC,137,136,4
0022601078,2027-03-27,POR,MIL,125,117,4
0022601079,2027-03-27,SAC,TOR,124,135,4
0022601080,2027-03-28,ORL,NYK,97,129,4
0022601081,2027-03-28,BKN,MEM,121,116,4
0022601082,2027-03-28,HOU,LAL,131,111,4
0022601083,2027-03-28,CHA,UTA,128,104,4
0022601084,2027-03-28,WAS,DAL,127,118,4
0022601085,2027-03-28,NOP,BOS,114,152,4
0022601086,2027-03-28,MIN,OKC,108,111,4
0022601087,2027-03-28,PHX,TOR,110,128,4
0022601088,2027-03-28,DEN,PHI,124,116,4
0022601089,2027-03-29,ATL,MIN,146,110,4
0022601090,2027-03-29,CLE,MIA,106,111,4
0022601091,2027-03-29,DET,LAC,117,114,4
0022601092,2027-03-29,BKN,GSW,100,134,4
0022601093,2027-03-29,CHI,IND,127,129,4
0022601094,2027-03-29,MIL,DAL,111,140,4
0022601095,2027-03-29,SAS,PHX,134,106,4
0022601096,2027-03-29,SAC,DEN,126,101,4
0022601097,2027-03-30,CHA,MIA,110,118,4
0022601098,2027-03-30,IND,BOS,128,112,4
0022601099,2027-03-30,ORL,NYK,118,111,4
0022601100,2027-03-30,MEM,LAL,104,120,4
0022601101,2027-03-30,UTA,OKC,89,113,4
0022601102,2027-03-30,POR,HOU,132,146,4
0022601103,2027-03-31,ATL,LAC,121,105,4
0022601104,2027-03-31,DET,TOR,120,97,4
0022601105,2027-03-31,PHI,GSW,136,102,4
0022601106,2027-03-31,WAS,CHI,123,149,4
0022601107,2027-03-31,BKN,CLE,128,111,4
0022601108,2027-03-31,MIL,NOP,104,117,4
0022601109,2027-03-31,MIN,SAC,113,109,4
0022601110,2027-03-31,SAS,PHX,116,104,4
0022601111,2027-03-31,DAL,DEN,130,103,4
0022601112,2027-03-31,POR,HOU,119,121,4
0022601113,2027-04-01,CLE,BOS,111,101,4
0022601114,2027-04-01,IND,ORL,110,136,4
0022601115,2027-04-01,NYK,CHA,109,107,4
0022601116,2027-04-01,OKC,LAL,127,121,4
0022601117,2027-04-02,WAS,PHI,99,93,4
0022601118,2027-04-02,BOS,MIA,123,84,4
0022601119,2027-04-02,BKN,NYK,87,92,4
0022601120,2027-04-02,MIN,GSW,132,128,4
0022601121,2027-04-02,CHI,DET,112,111,4
0022601122,2027-04-02,DAL,SAC,128,91,4
0022601123,2027-04-02,MIL,CHA,122,73,4
0022601124,2027-04-02,TOR,ATL,114,120,4
0022601125,2027-04-02,HOU,MEM,143,121,4
0022601126,2027-04-02,PHX,DEN,136,98,4
0022601127,2027-04-02,POR,UTA,106,92,4
0022601128,2027-04-02,LAC,SAS,109,112,4
0022601129,2027-04-03,OKC,NOP,95,120,4
0022601130,2027-04-03,ORL,WAS,114,112,4
0022601131,2027-04-04,PHI,ATL,101,133,4
0022601132,2027-04-04,MIL,BKN,128,110,4
0022601133,2027-04-04,CLE,CHA,104,95,4
0022601134,2027-04-04,DET,MIA,119,117,4
0022601135,2027-04-04,DAL,MIN,132,131,4
0022601136,2027-04-04,TOR,IND,102,109,4
0022601137,2027-04-04,HOU,CHI,125,122,4
0022601138,2027-04-04,LAC,PHX,79,122,4
0022601139,2027-04-04,DEN,MEM,128,120,4
0022601140,2027-04-04,UTA,POR,119,118,4
0022601141,2027-04-04,SAC,GSW,127,121,4
0022601142,2027-04-04,NYK,BOS,98,107,4
0022601143,2027-04-04,LAL,SAS,130,105,4
0022601144,2027-04-05,CLE,BKN,104,103,4
0022601145,2027-04-05,ORL,MIA,95,134,4
0022601146,2027-04-05,NOP,WAS,137,114,4
0022601147,2027-04-06,CHA,IND,93,110,4
0022601148,2027-04-06,TOR,PHI,106,99,4
0022601149,2027-04-06,ATL,NYK,130,113,4
0022601150,2027-04-06,MEM,DET,118,123,4
0022601151,2027-04-06,MIL,CHI,131,127,4
0022601152,2027-04-06,SAS,SAC,114,118,4
0022601153,2027-04-06,DEN,NOP,97,116,4
0022601154,2027-04-06,UTA,OKC,109,103,4
0022601155,2027-04-06,LAL,DAL,98,116,4
0022601156,2027-04-06,LAC,MIN,104,105,4
0022601157,2027-04-06,GSW,PHX,116,119,4
0022601158,2027-04-07,DET,IND,164,104,4
0022601159,2027-04-07,ORL,BOS,119,98,4
0022601160,2027-04-07,TOR,BKN,118,100,4
0022601161,2027-04-07,SAS,CLE,126,100,4
0022601162,2027-04-07,CHI,CHA,120,101,4
0022601163,2027-04-07,MEM,WAS,99,115,4
0022601164,2027-04-07,HOU,SAC,109,114,4
0022601165,2027-04-07,LAL,MIN,112,116,4
0022601166,2027-04-07,POR,DAL,111,114,4
0022601167,2027-04-08,MIA,PHI,106,139,4
0022601168,2027-04-08,MIL,NYK,132,107,4
0022601169,2027-04-08,DEN,LAC,136,100,4
0022601170,2027-04-08,UTA,NOP,123,130,4
0022601171,2027-04-08,OKC,GSW,108,96,4
0022601172,2027-04-09,ATL,BOS,115,109,4
0022601173,2027-04-09,CHA,BKN,109,95,4
0022601174,2027-04-09,IND,CLE,108,127,4
0022601175,2027-04-09,NYK,DET,124,108,4
0022601176,2027-04-09,ORL,TOR,110,126,4
0022601177,2027-04-09,MIA,WAS,106,118,4
0022601178,2027-04-09,CHI,MIL,138,131,4
0022601179,2027-04-09,OKC,GSW,129,121,4
0022601180,2027-04-09,HOU,POR,102,105,4
0022601181,2027-04-09,SAS,DEN,115,113,4
0022601182,2027-04-09,UTA,LAC,129,118,4
0022601183,2027-04-09,LAL,MIN,118,125,4
0022601184,2027-04-09,PHX,MEM,109,84,4
0022601185,2027-04-09,SAC,DAL,110,114,4
0022601186,2027-04-11,BOS,MIL,135,105,4
0022601187,2027-04-11,BKN,TOR,114,99,4
0022601188,2027-04-11,CLE,ATL,104,98,4
0022601189,2027-04-11,MIA,ORL,125,129,4
0022601190,2027-04-11,NYK,IND,139,114,4
0022601191,2027-04-11,PHI,CHA,121,104,4
0022601192,2027-04-11,WAS,DET,103,129,4
0022601193,2027-04-11,NOP,CHI,140,121,4
0022601194,2027-04-11,DAL,MEM,104,123,4
0022601195,2027-04-11,MIN,HOU,117,108,4
0022601196,2027-04-11,SAS,POR,138,142,5
0022601197,2027-04-11,DEN,OKC,104,108,4
0022601198,2027-04-11,GSW,UTA,112,102,4
0022601199,2027-04-11,LAC,SAC,124,109,4
0022601200,2027-04-11,LAL,PHX,108,124,4
