team,person_id,name,experience
ATL,1642933,Keshon Gilbert,1
ATL,1642937,Kobe Johnson,R
ATL,1643723,Cameron Corhen,R
ATL,1643724,Isaac McKneely,R
ATL,1642484,RayJ Dennis,2
ATL,1629652,Luguentz Dort,7
ATL,1630552,Jalen Johnson,5
ATL,1630598,Aaron Wiggins,5
ATL,203468,CJ McCollum,13
ATL,1643412,Kingston Flemings,R
ATL,1630700,Dyson Daniels,4
ATL,1629638,Nickeil Alexander-Walker,7
ATL,1627827,Dorian Finney-Smith,10
ATL,1643539,Henri Veesaar,R
ATL,1642854,Asa Newell,1
ATL,1630168,Onyeka Okongwu,6
ATL,1631243,Mouhamed Gueye,3
ATL,1643544,Zuby Ejiofor,R
ATL,1630592,Jalen Wilson,3
ATL,1630557,Corey Kispert,5
ATL,1629111,Jock Landale,5
BKN,1631169,Josh Minott,4
BKN,1643414,Mikel Brown Jr.,R
BKN,1631165,Keon Ellis,4
BKN,1642874,Danny Wolf,1
BKN,1642962,Drake Powell,1
BKN,1642856,Egor Dëmin,1
BKN,1643538,Joshua Jefferson,R
BKN,1642849,Nolan Traore,1
BKN,1643750,Ben Humrichous,R
BKN,1629021,Moritz Wagner,8
BKN,1629611,Terance Mann,7
BKN,1641761,Grant Nelson,1
BKN,1629008,Michael Porter Jr.,7
BKN,1630549,Day'Ron Sharpe,5
BKN,1641730,Noah Clowney,3
BKN,203944,Julius Randle,12
BKN,1643052,Chaney Johnson,1
BKN,1643548,Tyler Bilodeau,R
BKN,1643120,Dain Dainja,R
BKN,1642879,Ben Saraf,1
BOS,1642870,Milos Uzan,R
BOS,1643060,Hayden Gray,1
BOS,1643620,Tucker DeVries,R
BOS,1628369,Jayson Tatum,9
BOS,1629011,Mitchell Robinson,8
BOS,1628401,Derrick White,9
BOS,1630202,Payton Pritchard,6
BOS,1643416,Chris Cenac Jr.,R
BOS,202331,Paul George,16
BOS,1631199,Ron Harper Jr.,4
BOS,1641759,Dillon Mitchell,R
BOS,1642269,Devin Carter,2
BOS,1641775,Jordan Walsh,3
BOS,1642864,Hugo González,1
BOS,1630573,Sam Hauser,5
BOS,1642440,Gabe McGlothan,R
BOS,201144,Mike Conley,19
BOS,1630568,Luka Garza,5
BOS,1631248,Baylor Scheierman,2
BOS,1642873,Amari Williams,1
BOS,1629674,Neemias Queta,5
CHA,1641935,Jarkel Joiner,R
CHA,1642369,Michael Ajayi,R
CHA,1643573,Kylan Boswell,R
CHA,1643769,Wyatt Fricks,R
CHA,1626220,Royce O'Neale,9
CHA,1629684,Grant Williams,7
CHA,1629632,Coby White,7
CHA,1642883,Sion James,1
CHA,1643515,Christian Anderson,R
CHA,1642851,Kon Knueppel,1
CHA,1628960,Grayson Allen,8
CHA,1629675,Naz Reid,7
CHA,1641750,Ryan Kalkbrenner,1
CHA,1631217,Moussa Diabaté,4
CHA,1641790,PJ Hall,2
CHA,203471,Dennis Schröder,13
CHA,1626192,Pat Connaughton,11
CHA,1643419,Hannes Steinbach,R
CHA,1641706,Brandon Miller,3
CHA,1642275,Tidjane Salaün,2
CHA,1642862,Liam McNeeley,1
CHI,1643591,Tobe Awaka,R
CHI,1643637,Jaylin Sellers,R
CHI,1642855,Noa Essengue,1
CHI,1630581,Josh Giddey,5
CHI,1643517,Dailyn Swain,R
CHI,1631115,Orlando Robinson,4
CHI,1643410,Caleb Wilson,R
CHI,1627741,Buddy Hield,10
CHI,1629651,Nic Claxton,7
CHI,1641809,Drew Peterson,3
CHI,1631159,Leonard Miller,3
CHI,1630527,Brandon Boston,4
CHI,1628380,Zach Collins,9
CHI,1641824,Matas Buzelis,2
CHI,1641779,Jalen Bridges,1
CHI,1641815,Isaiah Stevens,2
CHI,1626181,Norman Powell,11
CHI,1630188,Jalen Smith,6
CHI,1630200,Tre Jones,6
CHI,1630171,Isaac Okoro,6
CHI,1630172,Patrick Williams,6
CLE,1642955,Kadary Richmond,1
CLE,1643113,Zack Austin,R
CLE,1643772,Rashaun Agee,R
CLE,1642938,Curtis Jones,1
CLE,201935,James Harden,17
CLE,1628418,Thomas Bryant,9
CLE,1630596,Evan Mobley,5
CLE,1630241,Sam Merrill,6
CLE,1631212,Peyton Watson,4
CLE,1641854,Craig Porter Jr.,3
CLE,1642434,Riley Minix,2
CLE,1643509,Meleek Thomas,R
CLE,1631215,Khalifa Diop,R
CLE,1642281,Jaylon Tyson,2
CLE,1642400,Tristan Enaruna,1
CLE,1642878,Tyrese Proctor,1
CLE,1628386,Jarrett Allen,9
CLE,1626209,Mario Hezonja,5
CLE,1641772,Nae'Qwan Tomlin,2
CLE,1628378,Donovan Mitchell,9
CLE,1643640,"Ernest Udeh, Jr.",R
DAL,1641844,Tarik Biberovic,R
DAL,1631108,Max Christie,4
DAL,1642967,John Poulakidas,1
DAL,1641726,Dereck Lively II,3
DAL,1630230,Naji Marshall,6
DAL,1641754,Seth Lundy,1
DAL,203939,Dwight Powell,12
DAL,1631204,Marcus Sasser,3
DAL,1642258,Zaccharie Risacher,2
DAL,202681,Kyrie Irving,14
DAL,1641724,Jett Howard,3
DAL,1643516,Morez Johnson Jr.,R
DAL,1628997,Caleb Martin,7
DAL,1629655,Daniel Gafford,7
DAL,1629023,P.J. Washington,7
DAL,1630619,Moussa Cisse,1
DAL,1642843,Cooper Flagg,1
DAL,1643588,Tobi Lawal,R
DAL,1630583,Santi Aldama,5
DAL,1643547,Sergio de Larrea,R
DEN,1641746,Coleman Hawkins,R
DEN,1641863,Dane Goodwin,R
DEN,1631128,Christian Braun,4
DEN,1641715,Cam Whitmore,3
DEN,1631124,Julian Strawther,3
DEN,1628963,Marvin Bagley III,8
DEN,1626145,Tyus Jones,11
DEN,1642350,Trevon Brazile,R
DEN,1642948,Ryan Nembhard,1
DEN,201942,DeMar DeRozan,17
DEN,1643813,Alpha Diallo,R
DEN,1643624,Bryce Hopkins,R
DEN,1641747,DaRon Holmes II,1
DEN,1641801,Emanuel Miller,2
DEN,203999,Nikola Jokić,11
DEN,1629022,Lonnie Walker IV,7
DEN,1642461,Spencer Jones,2
DEN,1630192,Zeke Nnaji,6
DEN,1629661,Cameron Johnson,7
DEN,1627750,Jamal Murray,10
DEN,203932,Aaron Gordon,12
DET,1642391,Ugonna Onyenso,R
DET,1642578,John Ukomadu,R
DET,1642924,Brice Williams,R
DET,1631105,Jalen Duren,4
DET,1630595,Cade Cunningham,5
DET,1642403,Isaac Jones,2
DET,1641842,Ronald Holland II,2
DET,1630194,Paul Reed,6
DET,1642404,Chaz Lanier,1
DET,1641709,Ausar Thompson,3
DET,1627752,Taurean Prince,10
DET,1641989,Elijah Harkless,2
DET,1630198,Isaiah Joe,6
DET,1628381,John Collins,9
DET,1643536,Ebuka Okorie,R
DET,1642450,Daniss Jenkins,2
DET,1628989,Kevin Huerter,8
DET,1629750,Javonte Green,7
DET,1642449,Tolu Smith,2
DET,1629130,Duncan Robinson,8
GSW,1627780,Gary Payton II,10
GSW,1642865,Yaxel Lendeborg,R
GSW,1641764,Brandin Podziemski,3
GSW,1642954,Will Richard,1
GSW,1630541,Moses Moody,5
GSW,204001,Kristaps Porziņģis,11
GSW,1629001,De'Anthony Melton,8
GSW,202710,Jimmy Butler III,15
GSW,1630314,Brandon Williams,4
GSW,1630611,Gui Santos,3
GSW,1643018,LJ Cryer,1
GSW,201143,Al Horford,19
GSW,1631207,Dalen Terry,4
GSW,1642893,Alex Toohey,R
GSW,203110,Draymond Green,14
GSW,1642939,Miles Kelly,1
GSW,1629646,Charles Bassey,5
GSW,201939,Stephen Curry,17
GSW,1627777,Georges Niang,9
GSW,1642502,Malevy Leons,2
GSW,1643633,Graham Ike,R
HOU,1642951,Sean Pedulla,1
HOU,1643595,Quadir Copeland,R
HOU,1641708,Amen Thompson,3
HOU,1643570,Bruce Thornton,R
HOU,1641763,Julian Phillips,3
HOU,1627832,Fred VanVleet,9
HOU,201142,Kevin Durant,19
HOU,1630256,Jae'Sean Tate,6
HOU,1631095,Jabari Smith Jr.,4
HOU,203500,Steven Adams,13
HOU,1642263,Reed Sheppard,2
HOU,1631106,Tari Eason,4
HOU,1642384,Isaiah Crawford,2
HOU,1630578,Alperen Sengun,5
HOU,203991,Clint Capela,12
HOU,203992,Bogdan Bogdanović,9
HOU,1631131,Oscar Tshiebwe,3
HOU,203935,Marcus Smart,12
IND,1643627,Keba Keita,R
IND,1643792,Rienk Mast,R
IND,1630169,Tyrese Haliburton,5
IND,1630167,Obi Toppin,6
IND,1629614,Andrew Nembhard,4
IND,1643552,Braden Smith,R
IND,1641716,Jarace Walker,3
IND,204456,T.J. McConnell,11
IND,1626162,Kelly Oubre Jr.,11
IND,1642277,Johnny Furphy,2
IND,201949,James Johnson,16
IND,1641771,Jalen Slawson,2
IND,1626204,Larry Nance Jr.,11
IND,1630174,Aaron Nesmith,6
IND,1641738,Kobe Brown,3
IND,1641767,Ben Sheppard,3
IND,1631245,Quenton Jackson,4
IND,1630643,Jay Huff,5
IND,1627826,Ivica Zubac,10
IND,1627783,Pascal Siakam,10
LAC,1643630,Fletcher Loyer,R
LAC,1643413,Keaton Wagler,R
LAC,1631104,Blake Wesley,4
LAC,203078,Bradley Beal,14
LAC,1642920,Kobe Sanders,1
LAC,1627884,Derrick Jones Jr.,10
LAC,1627742,Brandon Ingram,10
LAC,1627739,Kris Dunn,10
LAC,1642530,Yuki Kawamura,2
LAC,1641711,Gradey Dick,3
LAC,1629636,Darius Garland,7
LAC,201572,Brook Lopez,18
LAC,1643568,Nick Martinelli,R
LAC,1642949,Yanic Konan Niederhäuser,1
LAC,1642394,Baba Miller,R
LAC,1641757,Jordan Miller,3
LAC,1630543,Isaiah Jackson,5
LAC,1642353,Cam Christie,2
LAC,1629618,Jalen Pickett,3
LAC,1629060,Rui Hachimura,7
LAC,1629622,Max Strus,7
LAL,1641751,Arthur Kaluma,R
LAL,1643759,William Kyle,R
LAL,1642876,Adou Thiero,1
LAL,1629020,Jarred Vanderbilt,8
LAL,1629680,Matisse Thybulle,7
LAL,1642261,Dalton Knecht,2
LAL,1629656,Quentin Grimes,5
LAL,1630702,Jaden Hardy,4
LAL,1642355,Bronny James,2
LAL,1629012,Collin Sexton,8
LAL,1630533,Ziaire Williams,5
LAL,1631222,Jake LaRavia,4
LAL,1631306,Cole Swider,3
LAL,1631117,Walker Kessler,4
LAL,1630559,Austin Reaves,5
LAL,1643024,Chris Mañon,1
LAL,1643758,AK Okereke,R
LAL,1643418,Cameron Carr,R
LAL,1630572,Sandro Mamukelashvili,5
LAL,1626172,Kevon Looney,11
LAL,1629029,Luka Dončić,8
MEM,1642942,Jahmai Mashack,1
MEM,1643721,Carson Cooper,R
MEM,1642377,Jaylen Wells,2
MEM,1630590,Scotty Pippen Jr.,4
MEM,1629660,Ty Jerome,7
MEM,203924,Jerami Grant,12
MEM,1642383,Walter Clayton Jr.,1
MEM,1642877,Micah Peavy,1
MEM,1642914,Javon Small,1
MEM,1641744,Zach Edey,2
MEM,1631200,Kris Murray,3
MEM,1641765,Olivier-Maxence Prosper,3
MEM,1641722,Jordan Hawkins,3
MEM,1641707,Taylor Hendricks,3
MEM,1642907,Cedric Coward,1
MEM,1642285,Cam Spencer,2
MEM,1643409,Cameron Boozer,R
MEM,1630191,Isaiah Stewart,6
MEM,1643510,Karim Lopez,R
MEM,1642366,Quinten Post,2
MEM,1641713,GG Jackson,3
MIA,1631323,Simone Fontecchio,4
MIA,1630558,Davion Mitchell,5
MIA,1643553,Ryan Conwell,R
MIA,1631107,Nikola Jović,4
MIA,203507,Giannis Antetokounmpo,13
MIA,1630208,Nick Richards,6
MIA,1641796,Pelle Larsson,2
MIA,203501,Tim Hardaway Jr.,13
MIA,202691,Klay Thompson,15
MIA,1630696,Dru Smith,4
MIA,1628389,Bam Adebayo,9
MIA,1643727,J'Vonne Hadley,R
MIA,1642066,Myron Gardner,1
MIA,1642352,Keshad Johnson,2
MIA,1643016,Bez Mbeng,1
MIA,1643867,Ian Schieffelin,R
MIA,203952,Andrew Wiggins,12
MIA,1631311,Lester Quinones,3
MIA,1643621,Tre Donaldson,R
MIA,1642884,Vladislav Goldin,1
MIA,1626171,Bobby Portis Jr.,11
MIL,1630579,Jericho Sims,5
MIL,1643415,Brayden Burries,R
MIL,1626167,Myles Turner,11
MIL,1629018,Gary Trent Jr.,8
MIL,1629645,Kevin Porter Jr.,6
MIL,1642276,Kel'el Ware,2
MIL,1629639,Tyler Herro,7
MIL,1627747,Caris LeVert,10
MIL,1631157,Ryan Rollins,4
MIL,1643417,Nate Ament,R
MIL,1628398,Kyle Kuzma,9
MIL,1642880,Kam Jones,1
MIL,1631260,AJ Green,4
MIL,1631172,Ousmane Dieng,4
MIL,1642881,Bogoljub Marković,R
MIL,1631170,Jaime Jaquez Jr.,3
MIL,1642857,Kasparas Jakučionis,1
MIL,1631219,John Butler Jr.,1
MIL,1642504,Cormac Ryan,1
MIL,1631250,Pete Nance,3
MIL,1641868,Jake Stephens,R
MIN,1641807,Norchad Omier,1
MIN,1628978,Donte DiVincenzo,8
MIN,1630163,LaMelo Ball,6
MIN,1630183,Jaden McDaniels,6
MIN,1630545,Terrence Shannon Jr,2
MIN,1630162,Anthony Edwards,6
MIN,1641740,Jaylen Clark,2
MIN,1630538,Bones Hyland,5
MIN,1642262,Cody Williams,2
MIN,1641810,Antonio Reeves,2
MIN,1630245,Ayo Dosunmu,5
MIN,1642389,Zyon Pullin,2
MIN,1631166,Drew Timme,2
MIN,1642866,Joan Beringer,1
MIN,1630228,Jonathan Kuminga,5
MIN,1642402,Enrique Freeman,2
MIN,203497,Rudy Gobert,13
MIN,1642912,Isaiah Evans,R
MIN,1626168,Trey Lyles,10
MIN,1642911,Rocco Zikarsky,1
MIN,1630231,KJ Martin,5
NOP,1642882,Julian Reese,1
NOP,1642847,Jeremiah Fears,1
NOP,1629627,Zion Williamson,7
NOP,1630529,Herbert Jones,5
NOP,1629673,Jordan Poole,7
NOP,1641723,Kobe Bufkin,3
NOP,1627749,Dejounte Murray,10
NOP,201599,DeAndre Jordan,18
NOP,1643738,Malik Dia,R
NOP,1630570,Trendon Watford,5
NOP,1643555,Jaron Pierre Jr.,R
NOP,1631121,Bryce McGowens,4
NOP,1642358,AJ Johnson,2
NOP,1631255,Karlo Matković,2
NOP,1642274,Yves Missi,2
NOP,1642852,Derik Queen,1
NOP,1631097,Bennedict Mathurin,4
NOP,1630530,Trey Murphy III,5
NOP,1631216,Caleb Houstan,4
NOP,1631132,Christian Koloko,4
NOP,1630180,Saddiq Bey,6
NYK,1643022,Jaden Akins,R
NYK,203083,Andre Drummond,14
NYK,203903,Jordan Clarkson,12
NYK,1630540,Miles McBride,5
NYK,1628404,Josh Hart,9
NYK,1642359,Pacôme Dadiet,2
NYK,1630631,Jose Alvarado,5
NYK,1628384,OG Anunoby,9
NYK,1641755,Kevin McCullar Jr.,2
NYK,1630164,James Wiseman,6
NYK,1628971,Bruce Brown,8
NYK,1628973,Jalen Brunson,8
NYK,1628396,Tony Bradley,8
NYK,1642278,Tyler Kolek,2
NYK,1629234,Drew Eubanks,8
NYK,1628969,Mikal Bridges,8
NYK,1630534,Ochai Agbaji,4
NYK,1626157,Karl-Anthony Towns,11
NYK,1629013,Landry Shamet,8
NYK,1642885,Mohamed Diawara,1
NYK,1643589,Tyler Nickel,R
OKC,1643597,Robert McCray V,R
OKC,1643717,Josh Dix,R
OKC,1643754,Christoph Tilly,R
OKC,1643808,Andrew Holifield,R
OKC,1628983,Shai Gilgeous-Alexander,8
OKC,1642272,Jared McCain,2
OKC,1631119,Jaylin Williams,4
OKC,1631096,Chet Holmgren,3
OKC,1631114,Jalen Williams,4
OKC,1627936,Alex Caruso,9
OKC,1642850,Thomas Sorber,R
OKC,1642923,Otega Oweh,R
OKC,1642892,Bennett Stirtz,R
OKC,1643530,Aday Mara,R
OKC,1629015,Zhaire Smith,2
OKC,1641717,Cason Wallace,3
OKC,1642964,Brooks Barnhizer,1
OKC,1642349,Ajay Mitchell,2
OKC,1629026,Kenrich Williams,8
OKC,1642260,Nikola Topić,1
OKC,1628392,Isaiah Hartenstein,8
ORL,1641710,Anthony Black,3
ORL,1628371,Jonathan Isaac,9
ORL,1628975,Jevon Carter,8
ORL,1630217,Desmond Bane,6
ORL,1630591,Jalen Suggs,5
ORL,1631120,JD Davison,4
ORL,1631094,Paolo Banchero,4
ORL,1631288,Jamal Cain,4
ORL,202696,Nikola Vučević,15
ORL,1642859,Jase Richardson,1
ORL,1631103,Malaki Branham,4
ORL,1630658,Colin Castleton,3
ORL,1630532,Franz Wagner,5
ORL,1641783,Tristan da Silva,2
ORL,1643593,Izaiyah Nelson,R
ORL,1631457,Alex Morales,1
ORL,1628995,Kevin Knox II,7
ORL,1628976,Wendell Carter Jr.,8
ORL,1629048,Goga Bitadze,7
ORL,1642869,Noah Penda,1
PHI,1642392,Jameer Nelson Jr.,R
PHI,1643148,Saint Thomas,R
PHI,1643575,Duke Miles,R
PHI,1642889,Labaron Philon,R
PHI,1630178,Tyrese Maxey,6
PHI,1641794,Dillon Jones,2
PHI,203484,Kentavious Caldwell-Pope,13
PHI,1631126,Caleb Love,1
PHI,1629014,Anfernee Simons,8
PHI,1627759,Jaylen Brown,10
PHI,1642348,Justin Edwards,2
PHI,1641712,Rayan Rupert,3
PHI,203954,Joel Embiid,10
PHI,2544,LeBron James,23
PHI,1631230,Dominick Barlow,4
PHI,1641737,Adem Bona,2
PHI,1631133,Jabari Walker,4
PHI,1629731,Dean Wade,7
PHI,1630574,Ariel Hukporti,2
PHI,1642845,VJ Edgecombe,1
PHI,1629605,Tacko Fall,3
PHX,1630762,Phillip Wheeler,1
PHX,1631113,Kennedy Chandler,2
PHX,1642346,Ryan Dunn,2
PHX,1628415,Dillon Brooks,9
PHX,1630224,Jalen Green,5
PHX,1629312,Haywood Highsmith,6
PHX,1628379,Luke Kennard,9
PHX,1642863,Khaman Maluach,1
PHX,1642345,Oso Ighodaro,2
PHX,1631221,Collin Gillespie,3
PHX,1642886,Koby Brea,1
PHX,1631109,Mark Williams,4
PHX,1626164,Devin Booker,11
PHX,1631123,Jamaree Bouyea,4
PHX,1643520,Koa Peat,R
PHX,1642853,Rasheer Fleming,1
PHX,1628970,Miles Bridges,7
PHX,1643047,CJ Huntley,1
PHX,1630692,Jordan Goodwin,5
PHX,1641871,Duop Reath,3
PHX,1630311,Pat Spencer,3
POR,1643257,Jayson Kent,1
POR,203081,Damian Lillard,13
POR,1630703,Scoot Henderson,3
POR,1629630,Ja Morant,7
POR,1642959,Chris Youngblood,1
POR,1641798,Jaylen Martin,1
POR,201950,Jrue Holiday,17
POR,1642910,John Tonje,1
POR,1630166,Deni Avdija,6
POR,1630695,Micah Potter,5
POR,1642382,Branden Carlson,2
POR,1642905,Yang Hansen,1
POR,1631101,Shaedon Sharpe,4
POR,1631110,Jeremy Sochan,4
POR,1642270,Donovan Clingan,2
POR,1630249,Vít Krejčí,5
POR,1641739,Toumani Camara,3
POR,1629057,Robert Williams III,8
POR,1631321,Sidy Cissoko,3
SAC,1642398,Sean East II,R
SAC,1642940,Viktor Lakhin,R
SAC,1628370,Malik Monk,9
SAC,1642367,Jonathan Mogbo,2
SAC,203901,Elfrid Payton,9
SAC,1643411,Darius Acuff Jr.,R
SAC,203897,Zach LaVine,12
SAC,1630173,Precious Achiuwa,6
SAC,1642363,Nique Clifford,1
SAC,1627734,Domantas Sabonis,10
SAC,1641778,Leaky Black,2
SAC,1641803,Tristen Newton,2
SAC,1631099,Keegan Murray,4
SAC,1641745,Adam Flagler,2
SAC,1629631,De'Andre Hunter,7
SAC,1627732,Ben Simmons,8
SAC,1631342,Daeqwon Plowden,2
SAC,1642928,Dylan Cardwell,1
SAC,1642284,Alex Karaban,R
SAC,1643567,Emanuel Sharp,R
SAC,1642875,Maxime Raynaud,1
SAS,1631399,Jon Elmore,R
SAS,1642013,Malik Williams,1
SAS,1642930,R.J. Davis,R
SAS,1629162,Jordan McLaughlin,7
SAS,1641705,Victor Wembanyama,3
SAS,1642844,Dylan Harper,1
SAS,1629640,Keldon Johnson,7
SAS,1628368,De'Aaron Fox,9
SAS,1643007,Taelon Peter,1
SAS,1642264,Stephon Castle,2
SAS,1628436,Luke Kornet,9
SAS,1643542,Tarris Reed Jr.,R
SAS,1642868,Carter Bryant,1
SAS,1643576,Maliq Brown,R
SAS,1643551,Ja'Kobi Gillespie,R
SAS,1643519,Jayden Quaintance,R
SAS,202699,Tobias Harris,15
SAS,1630170,Devin Vassell,6
SAS,1642357,David Jones Garcia,1
SAS,1630577,Julian Champagnie,4
SAS,203084,Harrison Barnes,14
TOR,1642615,Tyreke Key,R
TOR,1642927,Nate Bittle,R
TOR,1643718,Nimari Burnett,R
TOR,1642347,Jamal Shead,2
TOR,202695,Kawhi Leonard,15
TOR,1630567,Scottie Barnes,5
TOR,1630193,Immanuel Quickley,6
TOR,1643558,Jaden Bradley,R
TOR,1629628,RJ Barrett,7
TOR,203937,Kyle Anderson,12
TOR,1642266,Ja'Kobe Walter,2
TOR,1641869,Malachi Smith,1
TOR,1627751,Jakob Poeltl,10
TOR,1643512,Allen Graves,R
TOR,1642935,Chucky Hepburn,1
TOR,1642867,Collin Murray-Boyles,1
TOR,1631218,Trayce Jackson-Davis,3
TOR,1641748,Andre Jackson Jr.,3
TOR,1641998,Trey Jemison III,3
TOR,1642918,Alijah Martin,1
TOR,1642419,Jamison Battle,2
UTA,1631474,Terrell Brown Jr.,R
UTA,1643265,Jonas Aidoo,R
UTA,1642271,Kyle Filipowski,2
UTA,1642396,Blake Hinson,1
UTA,1641718,Keyonte George,3
UTA,1630182,Josh Green,6
UTA,1642926,Tamar Bates,R
UTA,1642268,Isaiah Collier,2
UTA,1629004,Svi Mykhailiuk,8
UTA,1629637,Jaxson Hayes,7
UTA,1642846,Ace Bailey,1
UTA,1628991,Jaren Jackson Jr.,8
UTA,1629006,Josh Okogie,8
UTA,1643408,Darryn Peterson,R
UTA,1628374,Lauri Markkanen,9
UTA,1641725,Trey Alexander,2
UTA,1641729,Brice Sensabaugh,3
UTA,203994,Jusuf Nurkić,12
UTA,1628964,Mo Bamba,8
UTA,1631127,Harrison Ingram,2
WAS,1643121,Steve Settle III,R
WAS,1641731,Bilal Coulibaly,3
WAS,1641774,Tristan Vukcevic,3
WAS,1641789,Jazian Gortman,1
WAS,1630544,Tre Mann,5
WAS,1629027,Trae Young,8
WAS,1631211,Trevor Keels,2
WAS,1643407,AJ Dybantsa,R
WAS,1642364,Jamir Watkins,1
WAS,1642267,Bub Carrington,2
WAS,1641753,Chris Livingston,3
WAS,1629028,Deandre Ayton,8
WAS,1630551,Justin Champagnie,5
WAS,1642848,Tre Johnson,1
WAS,1630264,Anthony Gill,6
WAS,1642273,Kyshawn George,2
WAS,1642259,Alex Sarr,2
WAS,203114,Khris Middleton,14
WAS,203076,Anthony Davis,14
WAS,1641736,Reece Beekman,1
WAS,1642860,Will Riley,1
WAS,1643590,Felix Okpara,R
