game_id,game_date,home,away
0022600001,2026-10-20,DET,BOS
0022600002,2026-10-20,NYK,PHI
0022600003,2026-10-20,SAS,OKC
0022600004,2026-10-21,MIA,MIN
0022600005,2026-10-21,LAL,GSW
0022600085,2026-10-21,ORL,ATL
0022600086,2026-10-21,WAS,MIL
0022600087,2026-10-21,BKN,CHA
0022600088,2026-10-21,TOR,CHI
0022600089,2026-10-21,MEM,UTA
0022600090,2026-10-21,NOP,IND
0022600091,2026-10-21,HOU,DAL
0022600092,2026-10-21,POR,PHX
0022600093,2026-10-21,LAC,SAC
0022600006,2026-10-22,PHI,CLE
0022600007,2026-10-22,OKC,DEN
0022600008,2026-10-23,BOS,NYK
0022600009,2026-10-23,SAS,HOU
0022600094,2026-10-23,CHA,ATL
0022600095,2026-10-23,IND,DAL
0022600096,2026-10-23,ORL,MIN
0022600097,2026-10-23,WAS,TOR
0022600098,2026-10-23,MIA,DET
0022600099,2026-10-23,MIL,CHI
0022600100,2026-10-23,UTA,NOP
0022600101,2026-10-23,GSW,MEM
0022600102,2026-10-23,LAL,LAC
0022600103,2026-10-23,SAC,POR
0022600104,2026-10-24,CHA,MIA
0022600105,2026-10-24,CLE,BKN
0022600106,2026-10-24,PHI,MIL
0022600107,2026-10-24,ATL,HOU
0022600108,2026-10-24,CHI,WAS
0022600109,2026-10-24,DAL,SAS
0022600110,2026-10-24,DEN,NOP
0022600111,2026-10-24,PHX,GSW
0022600112,2026-10-25,UTA,LAL
0022600113,2026-10-25,BKN,IND
0022600114,2026-10-25,NYK,ORL
0022600115,2026-10-25,MIN,TOR
0022600116,2026-10-25,OKC,LAC
0022600117,2026-10-25,PHI,DET
0022600118,2026-10-25,SAC,MEM
0022600119,2026-10-26,CHA,WAS
0022600120,2026-10-26,CLE,MIN
0022600121,2026-10-26,BOS,CHI
0022600122,2026-10-26,MIA,DAL
0022600123,2026-10-26,MIL,IND
0022600124,2026-10-26,OKC,PHX
0022600125,2026-10-26,HOU,ATL
0022600126,2026-10-26,UTA,MEM
0022600127,2026-10-26,DEN,GSW
0022600128,2026-10-27,BOS,BKN
0022600129,2026-10-27,NYK,DET
0022600130,2026-10-27,SAS,SAC
0022600131,2026-10-27,LAL,POR
0022600132,2026-10-28,ATL,MIA
0022600133,2026-10-28,CLE,WAS
0022600134,2026-10-28,DET,CHA
0022600135,2026-10-28,IND,PHI
0022600136,2026-10-28,TOR,ORL
0022600137,2026-10-28,CHI,NYK
0022600138,2026-10-28,MIL,HOU
0022600139,2026-10-28,MIN,GSW
0022600140,2026-10-28,NOP,DEN
0022600141,2026-10-28,UTA,SAS
0022600142,2026-10-28,DAL,OKC
0022600143,2026-10-28,LAC,LAL
0022600144,2026-10-29,ATL,CLE
0022600145,2026-10-29,NOP,SAC
0022600146,2026-10-29,POR,MEM
0022600015,2026-10-30,WAS,CHA
0022600016,2026-10-30,BOS,CHI
0022600017,2026-10-30,BKN,DET
0022600018,2026-10-30,PHI,NYK
0022600019,2026-10-30,TOR,ORL
0022600020,2026-10-30,MIA,IND
0022600021,2026-10-30,DAL,HOU
0022600022,2026-10-30,MIN,LAC
0022600023,2026-10-30,GSW,LAL
0022600024,2026-10-30,PHX,DEN
0022600147,2026-10-31,UTA,POR
0022600148,2026-10-31,CHA,PHI
0022600149,2026-10-31,NOP,ATL
0022600150,2026-10-31,MEM,SAC
0022600151,2026-10-31,MIL,CLE
0022600152,2026-10-31,SAS,MIN
0022600153,2026-10-31,HOU,OKC
0022600154,2026-11-01,ORL,BOS
0022600155,2026-11-01,IND,BKN
0022600156,2026-11-01,GSW,LAC
0022600157,2026-11-01,LAL,TOR
0022600158,2026-11-02,CLE,OKC
0022600159,2026-11-02,CHA,DET
0022600160,2026-11-02,IND,ATL
0022600161,2026-11-02,NYK,BKN
0022600162,2026-11-02,ORL,WAS
0022600163,2026-11-02,PHI,CHI
0022600164,2026-11-02,DAL,SAC
0022600165,2026-11-02,MEM,NOP
0022600166,2026-11-02,MIN,MIL
0022600167,2026-11-02,HOU,BOS
0022600168,2026-11-02,SAS,UTA
0022600169,2026-11-02,DEN,POR
0022600170,2026-11-02,GSW,PHX
0022600171,2026-11-02,LAC,TOR
0022600172,2026-11-02,LAL,MIA
0022600173,2026-11-04,DET,PHI
0022600174,2026-11-04,WAS,ATL
0022600175,2026-11-04,BOS,MIL
0022600176,2026-11-04,BKN,CHA
0022600177,2026-11-04,NYK,CHI
0022600178,2026-11-04,MEM,IND
0022600179,2026-11-04,NOP,UTA
0022600180,2026-11-04,OKC,CLE
0022600181,2026-11-04,HOU,MIN
0022600182,2026-11-04,DEN,TOR
0022600183,2026-11-04,PHX,POR
0022600184,2026-11-04,SAS,DAL
0022600185,2026-11-04,SAC,LAL
0022600186,2026-11-04,LAC,MIA
0022600187,2026-11-05,PHX,ORL
0022600188,2026-11-05,GSW,MIA
0022600025,2026-11-06,ATL,WAS
0022600026,2026-11-06,CHA,BOS
0022600027,2026-11-06,CLE,PHI
0022600028,2026-11-06,DAL,UTA
0022600029,2026-11-06,MEM,OKC
0022600030,2026-11-06,MIL,TOR
0022600031,2026-11-06,NOP,MIN
0022600032,2026-11-06,LAL,POR
0022600033,2026-11-06,SAC,SAS
0022600189,2026-11-07,IND,DEN
0022600190,2026-11-07,ATL,BKN
0022600191,2026-11-07,CLE,NYK
0022600192,2026-11-07,OKC,WAS
0022600193,2026-11-07,GSW,ORL
0022600194,2026-11-07,PHX,HOU
0022600195,2026-11-07,POR,SAS
0022600196,2026-11-08,CHI,PHI
0022600197,2026-11-08,DET,LAL
0022600198,2026-11-08,MIN,UTA
0022600199,2026-11-08,DAL,BKN
0022600200,2026-11-08,MIL,BOS
0022600201,2026-11-08,LAC,NOP
0022600202,2026-11-08,SAC,MIA
0022600203,2026-11-09,ATL,LAL
0022600204,2026-11-09,CHA,CLE
0022600205,2026-11-09,DET,WAS
0022600206,2026-11-09,TOR,MEM
0022600207,2026-11-09,DAL,IND
0022600208,2026-11-09,HOU,DEN
0022600209,2026-11-09,PHX,SAS
0022600210,2026-11-09,GSW,NOP
0022600211,2026-11-10,NYK,MIL
0022600212,2026-11-10,PHI,BOS
0022600213,2026-11-10,PHX,LAC
0022600214,2026-11-10,UTA,MIA
0022600215,2026-11-10,SAC,ORL
0022600216,2026-11-10,POR,OKC
0022600217,2026-11-11,IND,WAS
0022600218,2026-11-11,NYK,CLE
0022600219,2026-11-11,TOR,BOS
0022600220,2026-11-11,CHI,SAS
0022600221,2026-11-11,MEM,DEN
0022600222,2026-11-11,MIL,LAL
0022600223,2026-11-11,NOP,BKN
0022600224,2026-11-11,UTA,ORL
0022600225,2026-11-11,HOU,GSW
0022600226,2026-11-11,POR,OKC
0022600227,2026-11-12,PHI,TOR
0022600228,2026-11-12,WAS,DET
0022600229,2026-11-12,MIN,DAL
0022600230,2026-11-12,PHX,CHA
0022600034,2026-11-13,IND,NYK
0022600035,2026-11-13,ORL,MIL
0022600036,2026-11-13,MIA,CLE
0022600037,2026-11-13,CHI,ATL
0022600038,2026-11-13,NOP,MEM
0022600039,2026-11-13,HOU,UTA
0022600040,2026-11-13,SAS,GSW
0022600041,2026-11-13,SAC,POR
0022600042,2026-11-13,LAC,OKC
0022600231,2026-11-14,NOP,DEN
0022600232,2026-11-14,CLE,DAL
0022600233,2026-11-14,MIA,DET
0022600234,2026-11-14,MEM,BKN
0022600235,2026-11-14,MIN,CHI
0022600236,2026-11-15,PHI,IND
0022600237,2026-11-15,PHX,LAL
0022600238,2026-11-15,LAC,CHA
0022600239,2026-11-15,UTA,SAS
0022600240,2026-11-15,BOS,DAL
0022600241,2026-11-15,TOR,NYK
0022600242,2026-11-15,WAS,HOU
0022600243,2026-11-15,MIL,ATL
0022600244,2026-11-15,SAC,OKC
0022600245,2026-11-16,BOS,ORL
0022600246,2026-11-16,CLE,CHI
0022600247,2026-11-16,WAS,MEM
0022600248,2026-11-16,BKN,PHI
0022600249,2026-11-16,MIA,HOU
0022600250,2026-11-16,MIN,POR
0022600251,2026-11-16,NOP,GSW
0022600252,2026-11-16,DEN,PHX
0022600253,2026-11-17,TOR,NYK
0022600254,2026-11-17,MIN,POR
0022600255,2026-11-17,SAS,DET
0022600256,2026-11-17,LAL,CHA
0022600257,2026-11-17,LAC,UTA
0022600258,2026-11-18,CLE,MEM
0022600259,2026-11-18,IND,HOU
0022600260,2026-11-18,MIA,MIL
0022600261,2026-11-18,ORL,PHI
0022600262,2026-11-18,BKN,CHI
0022600263,2026-11-18,TOR,WAS
0022600264,2026-11-18,NOP,DET
0022600265,2026-11-18,OKC,ATL
0022600266,2026-11-18,DEN,BOS
0022600267,2026-11-18,DAL,GSW
0022600268,2026-11-18,LAL,UTA
0022600269,2026-11-18,SAC,PHX
0022600270,2026-11-19,MEM,GSW
0022600271,2026-11-19,MIL,POR
0022600272,2026-11-19,MIN,NYK
0022600273,2026-11-19,SAS,LAC
0022600043,2026-11-20,ATL,CHA
0022600044,2026-11-20,BKN,ORL
0022600045,2026-11-20,CLE,IND
0022600046,2026-11-20,DET,TOR
0022600047,2026-11-20,CHI,WAS
0022600048,2026-11-20,OKC,NOP
0022600049,2026-11-20,UTA,PHX
0022600050,2026-11-20,DEN,HOU
0022600051,2026-11-20,LAL,SAC
0022600274,2026-11-21,PHI,MIL
0022600275,2026-11-21,NYK,POR
0022600276,2026-11-21,DAL,LAC
0022600277,2026-11-21,MIN,MEM
0022600278,2026-11-21,SAS,NOP
0022600279,2026-11-21,SAC,BOS
0022600280,2026-11-22,ATL,DET
0022600281,2026-11-22,MIA,OKC
0022600282,2026-11-22,WAS,ORL
0022600283,2026-11-22,CHI,DEN
0022600284,2026-11-22,UTA,DAL
0022600285,2026-11-22,NYK,IND
0022600286,2026-11-22,GSW,BOS
0022600287,2026-11-23,CHA,MEM
0022600288,2026-11-23,PHI,POR
0022600289,2026-11-23,IND,OKC
0022600290,2026-11-23,TOR,MIL
0022600291,2026-11-23,MIN,BKN
0022600292,2026-11-23,CHI,CLE
0022600293,2026-11-23,NOP,PHX
0022600294,2026-11-23,HOU,LAC
0022600295,2026-11-23,LAL,UTA
0022600296,2026-11-23,SAC,SAS
0022600052,2026-11-24,ORL,DET
0022600053,2026-11-24,WAS,BOS
0022600054,2026-11-24,DEN,DAL
0022600055,2026-11-25,PHI,MIA
0022600056,2026-11-25,CHA,CHI
0022600057,2026-11-25,NYK,CLE
0022600058,2026-11-25,OKC,MIN
0022600059,2026-11-25,MEM,LAC
0022600060,2026-11-25,MIL,BKN
0022600061,2026-11-25,HOU,PHX
0022600062,2026-11-25,GSW,SAC
0022600063,2026-11-25,POR,SAS
0022600064,2026-11-27,NYK,MIA
0022600065,2026-11-27,DET,MIL
0022600066,2026-11-27,IND,PHI
0022600067,2026-11-27,TOR,BKN
0022600068,2026-11-27,BOS,ATL
0022600069,2026-11-27,MIN,MEM
0022600070,2026-11-27,PHX,DAL
0022600071,2026-11-27,SAS,LAL
0022600072,2026-11-27,UTA,DEN
0022600073,2026-11-27,LAC,NOP
0022600074,2026-11-27,POR,GSW
0022600297,2026-11-28,WAS,ORL
0022600298,2026-11-28,CHA,BKN
0022600299,2026-11-28,CHI,IND
0022600300,2026-11-28,MIL,OKC
0022600301,2026-11-28,HOU,PHI
0022600302,2026-11-29,MEM,LAL
0022600303,2026-11-29,SAS,BOS
0022600304,2026-11-29,UTA,PHX
0022600305,2026-11-29,CLE,MIA
0022600306,2026-11-29,DET,ORL
0022600307,2026-11-29,NYK,ATL
0022600308,2026-11-29,TOR,DEN
0022600309,2026-11-29,POR,NOP
0022600310,2026-11-29,GSW,LAC
0022600311,2026-11-29,SAC,MIN
0022600312,2026-11-30,CHA,WAS
0022600313,2026-11-30,DET,DEN
0022600314,2026-11-30,BKN,OKC
0022600315,2026-11-30,HOU,LAL
0022600316,2026-11-30,DAL,BOS
0022600317,2026-11-30,MIL,SAS
0022600318,2026-11-30,SAC,NOP
0022600319,2026-12-01,CLE,IND
0022600320,2026-12-01,PHI,MEM
0022600321,2026-12-01,MIA,ATL
0022600322,2026-12-01,CHI,NYK
0022600323,2026-12-01,HOU,TOR
0022600324,2026-12-01,PHX,LAC
0022600325,2026-12-01,POR,MIN
0022600326,2026-12-01,GSW,UTA
0022600327,2026-12-02,DET,MEM
0022600328,2026-12-02,PHI,DEN
0022600329,2026-12-02,BOS,CHA
0022600330,2026-12-02,DAL,ORL
0022600331,2026-12-02,MIL,NYK
0022600332,2026-12-02,NOP,LAL
0022600333,2026-12-02,OKC,BKN
0022600334,2026-12-02,PHX,SAC
0022600335,2026-12-02,LAC,MIN
0022600336,2026-12-03,ATL,IND
0022600337,2026-12-03,MIA,WAS
0022600338,2026-12-03,CHI,CLE
0022600339,2026-12-03,SAS,TOR
0022600340,2026-12-03,POR,UTA
0022600341,2026-12-12,MEM,MIL
0022600342,2026-12-12,WAS,CHA
0022600343,2026-12-12,PHI,ORL
0022600344,2026-12-12,CLE,GSW
0022600345,2026-12-12,MIA,NYK
0022600346,2026-12-12,PHX,MIN
0022600347,2026-12-12,UTA,DEN
0022600348,2026-12-12,POR,ATL
0022600349,2026-12-13,BKN,BOS
0022600350,2026-12-13,OKC,TOR
0022600351,2026-12-13,IND,DET
0022600352,2026-12-13,CHI,HOU
0022600353,2026-12-13,SAS,LAC
0022600354,2026-12-13,SAC,NOP
0022600355,2026-12-14,CHA,TOR
0022600356,2026-12-14,DET,BKN
0022600357,2026-12-14,ORL,PHI
0022600358,2026-12-14,BOS,WAS
0022600359,2026-12-14,CHI,MIA
0022600360,2026-12-14,DAL,MIL
0022600361,2026-12-14,MEM,GSW
0022600362,2026-12-14,HOU,NYK
0022600363,2026-12-14,PHX,ATL
0022600364,2026-12-14,UTA,MIN
0022600365,2026-12-14,LAL,NOP
0022600366,2026-12-15,CLE,SAS
0022600367,2026-12-15,POR,DEN
0022600368,2026-12-16,BOS,WAS
0022600369,2026-12-16,CHA,LAC
0022600370,2026-12-16,DET,PHX
0022600371,2026-12-16,IND,GSW
0022600372,2026-12-16,ORL,CLE
0022600373,2026-12-16,BKN,DAL
0022600374,2026-12-16,TOR,SAS
0022600375,2026-12-16,CHI,UTA
0022600376,2026-12-16,MEM,MIA
0022600377,2026-12-16,NOP,NYK
0022600378,2026-12-16,OKC,SAC
0022600379,2026-12-16,HOU,MIL
0022600380,2026-12-16,MIN,LAL
0022600381,2026-12-17,IND,POR
0022600382,2026-12-17,PHI,DAL
0022600383,2026-12-17,DEN,ATL
0022600384,2026-12-18,CHA,OKC
0022600385,2026-12-18,MIA,LAC
0022600386,2026-12-18,WAS,NYK
0022600387,2026-12-18,BOS,UTA
0022600388,2026-12-18,BKN,ORL
0022600389,2026-12-18,DET,CLE
0022600390,2026-12-18,TOR,GSW
0022600391,2026-12-18,MEM,HOU
0022600392,2026-12-18,MIL,PHX
0022600393,2026-12-18,MIN,LAL
0022600394,2026-12-18,NOP,SAC
0022600395,2026-12-18,SAS,CHI
0022600396,2026-12-19,CHA,POR
0022600397,2026-12-19,ATL,ORL
0022600398,2026-12-19,DAL,CHI
0022600399,2026-12-19,DEN,LAL
0022600400,2026-12-20,BKN,WAS
0022600401,2026-12-20,TOR,HOU
0022600402,2026-12-20,MEM,PHX
0022600403,2026-12-20,CLE,UTA
0022600404,2026-12-20,MIA,SAC
0022600405,2026-12-20,ATL,OKC
0022600406,2026-12-20,NOP,SAS
0022600407,2026-12-20,BOS,DET
0022600408,2026-12-20,MIL,GSW
0022600409,2026-12-20,LAC,IND
0022600410,2026-12-21,CHA,PHI
0022600411,2026-12-21,CLE,NYK
0022600412,2026-12-21,ORL,SAC
0022600413,2026-12-21,BKN,POR
0022600414,2026-12-21,MIA,CHI
0022600415,2026-12-21,MIN,PHX
0022600416,2026-12-21,NOP,MEM
0022600417,2026-12-21,SAS,MIL
0022600418,2026-12-21,LAL,IND
0022600419,2026-12-21,LAC,DEN
0022600420,2026-12-22,WAS,TOR
0022600421,2026-12-22,OKC,DET
0022600422,2026-12-22,GSW,DAL
0022600423,2026-12-23,ATL,DET
0022600424,2026-12-23,ORL,CHA
0022600425,2026-12-23,WAS,CLE
0022600426,2026-12-23,BOS,POR
0022600427,2026-12-23,BKN,SAS
0022600428,2026-12-23,MIA,CHI
0022600429,2026-12-23,NYK,UTA
0022600430,2026-12-23,PHI,HOU
0022600431,2026-12-23,MEM,TOR
0022600432,2026-12-23,MIL,MIN
0022600433,2026-12-23,NOP,OKC
0022600434,2026-12-23,PHX,IND
0022600435,2026-12-23,LAL,DEN
0022600436,2026-12-23,SAC,DAL
0022600437,2026-12-23,LAC,GSW
0022600010,2026-12-25,NYK,SAS
0022600011,2026-12-25,BOS,MIA
0022600012,2026-12-25,LAL,PHI
0022600013,2026-12-25,MIN,OKC
0022600014,2026-12-25,GSW,DEN
0022600438,2026-12-26,WAS,POR
0022600439,2026-12-26,ATL,CHA
0022600440,2026-12-26,UTA,IND
0022600441,2026-12-26,BKN,NOP
0022600442,2026-12-26,ORL,TOR
0022600443,2026-12-26,CHI,DET
0022600444,2026-12-26,DAL,PHX
0022600445,2026-12-26,LAC,MEM
0022600446,2026-12-27,HOU,OKC
0022600447,2026-12-27,CLE,WAS
0022600448,2026-12-27,MIA,CHA
0022600449,2026-12-27,NYK,BKN
0022600450,2026-12-27,ORL,MIL
0022600451,2026-12-27,SAC,UTA
0022600452,2026-12-27,DET,POR
0022600453,2026-12-27,SAS,ATL
0022600454,2026-12-27,DEN,IND
0022600455,2026-12-27,GSW,MIN
0022600456,2026-12-27,LAC,PHI
0022600457,2026-12-27,LAL,MEM
0022600458,2026-12-28,TOR,NOP
0022600459,2026-12-28,BOS,CLE
0022600460,2026-12-28,PHX,GSW
0022600461,2026-12-28,DEN,MIN
0022600462,2026-12-29,ATL,CHI
0022600463,2026-12-29,CHA,ORL
0022600464,2026-12-29,IND,LAC
0022600465,2026-12-29,DAL,MIA
0022600466,2026-12-29,MEM,SAS
0022600467,2026-12-29,OKC,MIL
0022600468,2026-12-29,POR,BKN
0022600469,2026-12-29,SAC,PHI
0022600470,2026-12-29,LAL,HOU
0022600471,2026-12-30,DET,NOP
0022600472,2026-12-30,TOR,WAS
0022600473,2026-12-30,CHI,BOS
0022600474,2026-12-30,PHX,PHI
0022600475,2026-12-30,UTA,NYK
0022600476,2026-12-30,GSW,HOU
0022600477,2026-12-31,CHA,SAS
0022600478,2026-12-31,ATL,MIL
0022600479,2026-12-31,CLE,LAC
0022600480,2026-12-31,IND,ORL
0022600481,2026-12-31,MIN,DEN
0022600482,2026-12-31,SAC,BKN
0022600483,2026-12-31,NOP,LAL
0022600484,2026-12-31,OKC,MIA
0022600485,2026-12-31,PHX,NYK
0022600486,2027-01-01,WAS,SAS
0022600487,2027-01-01,DET,ORL
0022600488,2027-01-01,TOR,LAC
0022600489,2027-01-01,MIL,PHI
0022600490,2027-01-01,HOU,DAL
0022600491,2027-01-01,UTA,BOS
0022600492,2027-01-02,CHA,CLE
0022600493,2027-01-02,DEN,NYK
0022600494,2027-01-02,IND,MIN
0022600495,2027-01-02,NOP,MIA
0022600496,2027-01-02,ATL,DAL
0022600497,2027-01-02,CHI,LAL
0022600498,2027-01-02,OKC,UTA
0022600499,2027-01-02,GSW,BKN
0022600500,2027-01-02,PHX,SAC
0022600501,2027-01-02,POR,BOS
0022600502,2027-01-03,DEN,DET
0022600503,2027-01-03,MIL,CHA
0022600504,2027-01-03,ORL,MEM
0022600505,2027-01-03,TOR,LAL
0022600506,2027-01-03,WAS,LAC
0022600507,2027-01-03,HOU,CLE
0022600508,2027-01-03,MIN,SAS
0022600509,2027-01-03,OKC,SAC
0022600510,2027-01-04,IND,CHI
0022600511,2027-01-04,PHI,ATL
0022600512,2027-01-04,NOP,DAL
0022600513,2027-01-04,PHX,BOS
0022600514,2027-01-04,UTA,BKN
0022600515,2027-01-04,POR,NYK
0022600516,2027-01-05,CHA,ATL
0022600517,2027-01-05,CLE,TOR
0022600518,2027-01-05,ORL,LAC
0022600519,2027-01-05,WAS,LAL
0022600520,2027-01-05,MIA,MEM
0022600521,2027-01-05,CHI,MIL
0022600522,2027-01-05,HOU,MIN
0022600523,2027-01-05,DEN,PHX
0022600524,2027-01-05,SAC,DET
0022600525,2027-01-06,BKN,UTA
0022600526,2027-01-06,PHI,OKC
0022600527,2027-01-06,NOP,POR
0022600528,2027-01-06,SAS,IND
0022600529,2027-01-06,GSW,NYK
0022600530,2027-01-07,ATL,IND
0022600531,2027-01-07,CHA,DEN
0022600532,2027-01-07,ORL,CLE
0022600533,2027-01-07,WAS,OKC
0022600534,2027-01-07,BKN,MIA
0022600535,2027-01-07,TOR,MIN
0022600536,2027-01-07,DAL,POR
0022600537,2027-01-07,MIL,LAC
0022600538,2027-01-07,HOU,MEM
0022600539,2027-01-07,GSW,DET
0022600540,2027-01-07,LAL,BOS
0022600541,2027-01-07,SAC,CHI
0022600542,2027-01-08,PHI,MIA
0022600543,2027-01-08,WAS,MIN
0022600544,2027-01-08,TOR,UTA
0022600545,2027-01-08,NOP,ORL
0022600546,2027-01-08,SAS,MEM
0022600547,2027-01-08,DAL,PHX
0022600548,2027-01-08,LAL,DET
0022600549,2027-01-08,SAC,NYK
0022600550,2027-01-09,CLE,DEN
0022600551,2027-01-09,BKN,HOU
0022600552,2027-01-09,IND,MIL
0022600553,2027-01-09,GSW,CHI
0022600554,2027-01-09,POR,CHA
0022600555,2027-01-09,LAC,BOS
0022600556,2027-01-10,ATL,SAS
0022600557,2027-01-10,DET,UTA
0022600558,2027-01-10,MIA,NOP
0022600559,2027-01-10,ORL,OKC
0022600560,2027-01-10,TOR,PHI
0022600561,2027-01-10,MEM,DAL
0022600562,2027-01-10,PHX,CHI
0022600563,2027-01-10,SAC,CHA
0022600564,2027-01-11,IND,BKN
0022600565,2027-01-11,WAS,ATL
0022600566,2027-01-11,BOS,HOU
0022600567,2027-01-11,NYK,DEN
0022600568,2027-01-11,MIN,CLE
0022600569,2027-01-11,LAC,LAL
0022600570,2027-01-12,MIA,BKN
0022600571,2027-01-12,TOR,DET
0022600572,2027-01-12,PHI,WAS
0022600573,2027-01-12,MEM,DAL
0022600574,2027-01-12,MIL,DEN
0022600575,2027-01-12,UTA,CHI
0022600576,2027-01-12,POR,ORL
0022600577,2027-01-12,GSW,SAC
0022600578,2027-01-13,ATL,CLE
0022600579,2027-01-13,BOS,NYK
0022600580,2027-01-13,IND,MIL
0022600581,2027-01-13,TOR,PHX
0022600582,2027-01-13,OKC,HOU
0022600583,2027-01-13,GSW,CHA
0022600584,2027-01-13,POR,LAL
0022600075,2027-01-14,SAS,NOP
0022600585,2027-01-14,DET,DAL
0022600586,2027-01-14,PHI,BKN
0022600587,2027-01-14,NYK,MIA
0022600588,2027-01-14,CHI,MIN
0022600589,2027-01-14,DEN,MEM
0022600590,2027-01-14,UTA,CHA
0022600591,2027-01-14,LAL,ORL
0022600592,2027-01-14,SAC,LAC
0022600593,2027-01-15,ATL,GSW
0022600594,2027-01-15,IND,PHX
0022600595,2027-01-15,TOR,MIA
0022600596,2027-01-15,MIL,CLE
0022600597,2027-01-15,OKC,UTA
0022600598,2027-01-15,HOU,WAS
0022600599,2027-01-15,POR,SAC
0022600600,2027-01-15,LAC,ORL
0022600601,2027-01-16,PHI,MIN
0022600602,2027-01-16,BOS,BKN
0022600603,2027-01-16,NYK,DAL
0022600604,2027-01-16,MEM,CLE
0022600605,2027-01-16,HOU,DET
0022600606,2027-01-16,DEN,CHA
0022600076,2027-01-17,NOP,SAS
0022600607,2027-01-17,WAS,IND
0022600608,2027-01-17,CHI,TOR
0022600609,2027-01-17,OKC,POR
0022600610,2027-01-17,UTA,SAC
0022600611,2027-01-17,MIA,GSW
0022600612,2027-01-17,DEN,ORL
0022600613,2027-01-17,LAL,MIL
0022600077,2027-01-18,CLE,DET
0022600078,2027-01-18,ATL,PHI
0022600079,2027-01-18,NYK,MIN
0022600080,2027-01-18,MEM,HOU
0022600614,2027-01-18,WAS,BOS
0022600615,2027-01-18,DAL,OKC
0022600616,2027-01-18,LAC,PHX
0022600617,2027-01-19,ORL,GSW
0022600618,2027-01-19,PHI,IND
0022600619,2027-01-19,TOR,CHI
0022600620,2027-01-19,MIA,POR
0022600621,2027-01-19,DAL,CHA
0022600622,2027-01-19,DEN,UTA
0022600623,2027-01-19,SAC,LAL
0022600624,2027-01-20,ATL,POR
0022600625,2027-01-20,BKN,CHI
0022600626,2027-01-20,BOS,IND
0022600627,2027-01-20,NYK,TOR
0022600628,2027-01-20,MIN,HOU
0022600629,2027-01-20,NOP,OKC
0022600630,2027-01-20,PHX,MEM
0022600631,2027-01-20,UTA,LAC
0022600632,2027-01-20,SAS,MIA
0022600633,2027-01-20,SAC,MIL
0022600634,2027-01-21,BOS,PHI
0022600635,2027-01-21,BKN,CLE
0022600636,2027-01-21,DEN,WAS
0022600637,2027-01-21,GSW,LAL
0022600638,2027-01-22,ATL,NYK
0022600639,2027-01-22,CHA,HOU
0022600640,2027-01-22,ORL,POR
0022600641,2027-01-22,DET,IND
0022600642,2027-01-22,NOP,DAL
0022600643,2027-01-22,OKC,MEM
0022600644,2027-01-22,PHX,UTA
0022600645,2027-01-22,SAS,MIN
0022600646,2027-01-22,GSW,MIL
0022600647,2027-01-22,LAL,SAC
0022600648,2027-01-22,LAC,WAS
0022600649,2027-01-23,CHI,PHI
0022600650,2027-01-23,BKN,TOR
0022600651,2027-01-23,BOS,CHA
0022600652,2027-01-23,MIA,ATL
0022600653,2027-01-23,DAL,CLE
0022600654,2027-01-23,DEN,MIL
0022600655,2027-01-24,SAS,POR
0022600656,2027-01-24,PHX,UTA
0022600657,2027-01-24,LAL,WAS
0022600658,2027-01-24,DET,MIN
0022600659,2027-01-24,ORL,HOU
0022600660,2027-01-24,NYK,LAC
0022600661,2027-01-24,GSW,OKC
0022600662,2027-01-25,BOS,TOR
0022600663,2027-01-25,CHA,ORL
0022600664,2027-01-25,PHI,LAC
0022600665,2027-01-25,BKN,MIA
0022600666,2027-01-25,CHI,DAL
0022600667,2027-01-25,MEM,MIN
0022600668,2027-01-25,NOP,CLE
0022600669,2027-01-25,DEN,SAC
0022600670,2027-01-26,DET,ATL
0022600671,2027-01-26,IND,CHI
0022600672,2027-01-26,NYK,PHX
0022600673,2027-01-26,SAS,HOU
0022600674,2027-01-26,UTA,MIL
0022600675,2027-01-26,POR,WAS
0022600676,2027-01-26,LAL,OKC
0022600677,2027-01-27,CLE,DET
0022600678,2027-01-27,PHI,SAC
0022600679,2027-01-27,BOS,LAC
0022600680,2027-01-27,BKN,PHX
0022600681,2027-01-27,TOR,DAL
0022600682,2027-01-27,SAS,CHA
0022600683,2027-01-27,HOU,NOP
0022600684,2027-01-27,MIN,DEN
0022600685,2027-01-27,POR,GSW
0022600686,2027-01-28,IND,LAL
0022600687,2027-01-28,NYK,ATL
0022600688,2027-01-28,ORL,CHI
0022600689,2027-01-28,WAS,SAC
0022600690,2027-01-28,NOP,PHI
0022600691,2027-01-28,OKC,MEM
0022600692,2027-01-28,UTA,GSW
0022600693,2027-01-28,MIL,MIA
0022600694,2027-01-29,TOR,CLE
0022600695,2027-01-29,BOS,PHX
0022600696,2027-01-29,BKN,LAC
0022600697,2027-01-29,DAL,DET
0022600698,2027-01-29,HOU,ORL
0022600699,2027-01-29,MIN,CHA
0022600700,2027-01-30,MIA,PHI
0022600701,2027-01-30,OKC,DEN
0022600702,2027-01-30,GSW,SAS
0022600703,2027-01-30,IND,WAS
0022600704,2027-01-30,CLE,NOP
0022600705,2027-01-30,MIL,ATL
0022600706,2027-01-30,NYK,LAL
0022600707,2027-01-30,UTA,MEM
0022600708,2027-01-31,DET,SAC
0022600709,2027-01-31,ORL,BKN
0022600710,2027-01-31,TOR,BOS
0022600711,2027-01-31,MIN,PHX
0022600712,2027-01-31,OKC,CHI
0022600713,2027-01-31,CHA,LAL
0022600714,2027-01-31,DEN,POR
0022600715,2027-01-31,DAL,HOU
0022600716,2027-02-01,ATL,WAS
0022600717,2027-02-01,PHI,NOP
0022600718,2027-02-01,BKN,NYK
0022600719,2027-02-01,IND,MIA
0022600720,2027-02-01,MIL,MEM
0022600721,2027-02-01,UTA,CLE
0022600722,2027-02-01,GSW,SAS
0022600723,2027-02-02,DET,CHI
0022600724,2027-02-02,ORL,NOP
0022600725,2027-02-02,MIA,CHA
0022600726,2027-02-02,BOS,LAL
0022600727,2027-02-02,DAL,TOR
0022600728,2027-02-02,DEN,OKC
0022600729,2027-02-02,LAC,SAS
0022600730,2027-02-02,POR,MIN
0022600731,2027-02-03,DET,NYK
0022600732,2027-02-03,IND,ATL
0022600733,2027-02-03,MEM,PHI
0022600734,2027-02-03,PHX,CLE
0022600735,2027-02-03,HOU,UTA
0022600736,2027-02-03,LAC,GSW
0022600737,2027-02-04,WAS,NOP
0022600738,2027-02-04,BKN,LAL
0022600739,2027-02-04,CHA,BOS
0022600740,2027-02-04,MIA,MIL
0022600741,2027-02-04,NYK,TOR
0022600742,2027-02-04,CHI,OKC
0022600743,2027-02-04,SAS,ORL
0022600744,2027-02-04,DEN,DAL
0022600745,2027-02-04,POR,CLE
0022600746,2027-02-04,SAC,MIN
0022600747,2027-02-05,ATL,BOS
0022600748,2027-02-05,CHA,GSW
0022600749,2027-02-05,PHI,DET
0022600750,2027-02-05,DEN,LAC
0022600751,2027-02-05,PHX,HOU
0022600752,2027-02-05,OKC,IND
0022600753,2027-02-06,DAL,UTA
0022600754,2027-02-06,MIN,MIA
0022600755,2027-02-06,MEM,POR
0022600756,2027-02-06,BKN,WAS
0022600757,2027-02-06,CLE,ORL
0022600758,2027-02-06,TOR,MIL
0022600759,2027-02-06,CHI,NOP
0022600760,2027-02-06,SAS,LAL
0022600761,2027-02-06,SAC,PHX
0022600762,2027-02-07,ATL,DEN
0022600763,2027-02-07,DET,GSW
0022600764,2027-02-07,MIN,UTA
0022600765,2027-02-07,DAL,LAC
0022600766,2027-02-07,TOR,CHA
0022600767,2027-02-07,PHI,BOS
0022600768,2027-02-07,OKC,NYK
0022600769,2027-02-07,SAC,HOU
0022600770,2027-02-08,ATL,MIA
0022600771,2027-02-08,IND,NOP
0022600772,2027-02-08,PHI,BKN
0022600773,2027-02-08,WAS,CHI
0022600774,2027-02-08,MEM,POR
0022600775,2027-02-08,MIL,ORL
0022600776,2027-02-08,PHX,LAL
0022600777,2027-02-09,CLE,TOR
0022600778,2027-02-09,BOS,DEN
0022600779,2027-02-09,BKN,MIN
0022600780,2027-02-09,NYK,CHA
0022600781,2027-02-09,CHI,GSW
0022600782,2027-02-09,DAL,SAS
0022600783,2027-02-09,MIL,SAC
0022600784,2027-02-09,OKC,POR
0022600785,2027-02-09,UTA,HOU
0022600786,2027-02-09,LAC,DET
0022600787,2027-02-10,ATL,NOP
0022600788,2027-02-10,IND,CLE
0022600789,2027-02-10,WAS,MIA
0022600790,2027-02-10,BOS,GSW
0022600791,2027-02-10,MEM,ORL
0022600792,2027-02-10,PHX,DET
0022600793,2027-02-10,LAL,LAC
0022600794,2027-02-11,CHA,MIL
0022600795,2027-02-11,IND,UTA
0022600796,2027-02-11,PHI,NYK
0022600797,2027-02-11,DAL,POR
0022600798,2027-02-11,HOU,SAC
0022600799,2027-02-11,DEN,CHI
0022600800,2027-02-11,OKC,SAS
0022600801,2027-02-12,ATL,PHX
0022600802,2027-02-12,ORL,MIA
0022600803,2027-02-12,WAS,BKN
0022600804,2027-02-12,TOR,CLE
0022600805,2027-02-12,BOS,MIN
0022600806,2027-02-12,MEM,LAC
0022600807,2027-02-12,NOP,HOU
0022600808,2027-02-12,LAL,DEN
0022600809,2027-02-13,IND,SAC
0022600810,2027-02-13,CHA,DAL
0022600811,2027-02-13,POR,DET
0022600812,2027-02-13,OKC,PHI
0022600813,2027-02-13,ORL,SAS
0022600814,2027-02-13,WAS,MIL
0022600815,2027-02-13,NYK,GSW
0022600816,2027-02-14,ATL,SAC
0022600817,2027-02-14,BOS,TOR
0022600818,2027-02-14,CLE,PHX
0022600819,2027-02-14,MIA,BKN
0022600820,2027-02-14,HOU,DEN
0022600821,2027-02-14,NOP,LAC
0022600822,2027-02-14,POR,CHI
0022600081,2027-02-15,CHA,MIN
0022600082,2027-02-15,DAL,PHI
0022600083,2027-02-15,MIA,SAS
0022600084,2027-02-15,GSW,IND
0022600823,2027-02-15,WAS,PHX
0022600824,2027-02-15,MEM,NYK
0022600825,2027-02-15,OKC,ORL
0022600826,2027-02-15,UTA,DET
0022600827,2027-02-16,CLE,MIL
0022600828,2027-02-16,ATL,TOR
0022600829,2027-02-16,LAL,CHI
0022600830,2027-02-16,POR,NOP
0022600831,2027-02-16,LAC,HOU
0022600832,2027-02-17,CHA,TOR
0022600833,2027-02-17,CLE,MIL
0022600834,2027-02-17,DET,NYK
0022600835,2027-02-17,ORL,DAL
0022600836,2027-02-17,PHI,PHX
0022600837,2027-02-17,WAS,MIA
0022600838,2027-02-17,BKN,ATL
0022600839,2027-02-17,MEM,SAS
0022600840,2027-02-17,DEN,UTA
0022600841,2027-02-17,OKC,BOS
0022600842,2027-02-17,GSW,NOP
0022600843,2027-02-17,SAC,IND
0022600844,2027-02-17,LAC,CHI
0022600845,2027-02-18,MIN,SAS
0022600846,2027-02-18,MEM,BOS
0022600847,2027-02-18,LAL,HOU
0022600848,2027-02-18,POR,IND
0022600849,2027-02-25,CLE,SAC
0022600850,2027-02-25,DET,MIA
0022600851,2027-02-25,ORL,CHA
0022600852,2027-02-25,BKN,PHI
0022600853,2027-02-25,NYK,OKC
0022600854,2027-02-25,CHI,ATL
0022600855,2027-02-25,MIL,WAS
0022600856,2027-02-25,NOP,PHX
0022600857,2027-02-25,GSW,DAL
0022600858,2027-02-25,LAC,UTA
0022600859,2027-02-26,BOS,CLE
0022600860,2027-02-26,TOR,ATL
0022600861,2027-02-26,MIN,IND
0022600862,2027-02-26,SAS,MEM
0022600863,2027-02-26,HOU,CHA
0022600864,2027-02-26,DEN,LAL
0022600865,2027-02-26,POR,DAL
0022600866,2027-02-27,UTA,WAS
0022600867,2027-02-27,DET,OKC
0022600868,2027-02-27,CHI,BKN
0022600869,2027-02-27,MEM,SAC
0022600870,2027-02-27,NYK,PHI
0022600871,2027-02-27,PHX,NOP
0022600872,2027-02-28,SAS,DEN
0022600873,2027-02-28,DAL,LAL
0022600874,2027-02-28,IND,TOR
0022600875,2027-02-28,ORL,ATL
0022600876,2027-02-28,CHA,SAC
0022600877,2027-02-28,MIN,BOS
0022600878,2027-02-28,NYK,MIL
0022600879,2027-02-28,HOU,MIA
0022600880,2027-02-28,LAC,POR
0022600881,2027-03-01,CLE,PHI
0022600882,2027-03-01,DET,CHI
0022600883,2027-03-01,NOP,UTA
0022600884,2027-03-01,HOU,GSW
0022600885,2027-03-01,DEN,BKN
0022600886,2027-03-01,PHX,WAS
0022600887,2027-03-02,IND,BOS
0022600888,2027-03-02,ORL,LAL
0022600889,2027-03-02,MIA,TOR
0022600890,2027-03-02,NYK,MEM
0022600891,2027-03-02,DAL,GSW
0022600892,2027-03-02,MIL,DET
0022600893,2027-03-02,OKC,MIN
0022600894,2027-03-02,SAC,WAS
0022600895,2027-03-02,POR,LAC
0022600896,2027-03-03,ATL,CHI
0022600897,2027-03-03,PHI,CHA
0022600898,2027-03-03,MIA,TOR
0022600899,2027-03-03,MIL,UTA
0022600900,2027-03-03,HOU,NOP
0022600901,2027-03-03,PHX,BKN
0022600902,2027-03-03,DEN,SAS
0022600903,2027-03-04,CLE,POR
0022600904,2027-03-04,ORL,IND
0022600905,2027-03-04,PHI,LAL
0022600906,2027-03-04,ATL,MEM
0022600907,2027-03-04,DAL,NYK
0022600908,2027-03-04,GSW,WAS
0022600909,2027-03-04,SAC,OKC
0022600910,2027-03-04,LAC,BKN
0022600911,2027-03-05,DET,BOS
0022600912,2027-03-05,ORL,UTA
0022600913,2027-03-05,TOR,POR
0022600914,2027-03-05,NOP,MIL
0022600915,2027-03-05,PHX,MIN
0022600916,2027-03-05,HOU,SAS
0022600917,2027-03-06,MIA,IND
0022600918,2027-03-06,CHI,CHA
0022600919,2027-03-06,CLE,ATL
0022600920,2027-03-06,WAS,UTA
0022600921,2027-03-06,MEM,NOP
0022600922,2027-03-06,LAL,OKC
0022600923,2027-03-06,SAC,LAC
0022600924,2027-03-07,BOS,PHI
0022600925,2027-03-07,DEN,MIN
0022600926,2027-03-07,CHI,POR
0022600927,2027-03-07,SAS,NYK
0022600928,2027-03-07,GSW,HOU
0022600929,2027-03-07,LAL,BKN
0022600930,2027-03-08,IND,CHA
0022600931,2027-03-08,PHI,UTA
0022600932,2027-03-08,MIA,PHX
0022600933,2027-03-08,MEM,ATL
0022600934,2027-03-08,MIN,NOP
0022600935,2027-03-08,OKC,DAL
0022600936,2027-03-08,SAC,DEN
0022600937,2027-03-08,LAC,HOU
0022600938,2027-03-09,ORL,PHX
0022600939,2027-03-09,BKN,MIL
0022600940,2027-03-09,DET,CLE
0022600941,2027-03-09,CHI,BOS
0022600942,2027-03-09,DAL,MEM
0022600943,2027-03-09,SAS,WAS
0022600944,2027-03-09,GSW,POR
0022600945,2027-03-10,CHA,NOP
0022600946,2027-03-10,MIA,ORL
0022600947,2027-03-10,TOR,OKC
0022600948,2027-03-10,UTA,HOU
0022600949,2027-03-10,MIN,ATL
0022600950,2027-03-10,POR,DEN
0022600951,2027-03-10,SAC,GSW
0022600952,2027-03-10,LAC,NYK
0022600953,2027-03-11,CHA,IND
0022600954,2027-03-11,DET,MIL
0022600955,2027-03-11,BOS,MEM
0022600956,2027-03-11,SAS,PHI
0022600957,2027-03-11,ATL,BKN
0022600958,2027-03-11,CHI,PHX
0022600959,2027-03-11,DAL,WAS
0022600960,2027-03-11,LAL,NYK
0022600961,2027-03-11,LAC,CLE
0022600962,2027-03-12,BOS,OKC
0022600963,2027-03-12,MIL,MIA
0022600964,2027-03-12,NOP,TOR
0022600965,2027-03-12,UTA,SAC
0022600966,2027-03-12,DEN,GSW
0022600967,2027-03-12,LAL,CLE
0022600968,2027-03-13,ATL,ORL
0022600969,2027-03-13,DET,BKN
0022600970,2027-03-13,HOU,IND
0022600971,2027-03-13,CHA,PHX
0022600972,2027-03-13,CHI,MEM
0022600973,2027-03-13,DAL,NOP
0022600974,2027-03-13,MIN,PHI
0022600975,2027-03-13,POR,LAC
0022600976,2027-03-14,NYK,BOS
0022600977,2027-03-14,OKC,SAS
0022600978,2027-03-14,TOR,DET
0022600979,2027-03-14,SAC,CLE
0022600980,2027-03-14,DEN,MIA
0022600981,2027-03-14,MIN,WAS
0022600982,2027-03-14,LAL,GSW
0022600983,2027-03-15,PHI,TOR
0022600984,2027-03-15,BKN,IND
0022600985,2027-03-15,CHI,ORL
0022600986,2027-03-15,MEM,PHX
0022600987,2027-03-15,DAL,ATL
0022600988,2027-03-16,WAS,NYK
0022600989,2027-03-16,BOS,SAC
0022600990,2027-03-16,IND,DET
0022600991,2027-03-16,MIL,ORL
0022600992,2027-03-16,NOP,MIN
0022600993,2027-03-16,OKC,CHA
0022600994,2027-03-16,HOU,SAS
0022600995,2027-03-16,GSW,CLE
0022600996,2027-03-16,POR,LAL
0022600997,2027-03-16,LAC,DEN
0022600998,2027-03-17,PHI,CHI
0022600999,2027-03-17,NYK,SAC
0022601000,2027-03-17,OKC,DAL
0022601001,2027-03-17,HOU,BKN
0022601002,2027-03-17,UTA,ATL
0022601003,2027-03-17,GSW,MEM
0022601004,2027-03-17,LAL,PHX
0022601005,2027-03-17,POR,MIA
0022601006,2027-03-18,IND,TOR
0022601007,2027-03-18,WAS,PHI
0022601008,2027-03-18,BOS,ORL
0022601009,2027-03-18,MIL,DET
0022601010,2027-03-18,NOP,CHA
0022601011,2027-03-18,SAS,BKN
0022601012,2027-03-18,DEN,CLE
0022601013,2027-03-18,UTA,MIN
0022601014,2027-03-18,LAC,MEM
0022601015,2027-03-19,TOR,SAC
0022601016,2027-03-19,NOP,HOU
0022601017,2027-03-19,SAS,DAL
0022601018,2027-03-19,GSW,POR
0022601019,2027-03-19,LAL,ATL
0022601020,2027-03-19,PHX,MIA
0022601021,2027-03-20,NYK,WAS
0022601022,2027-03-20,ORL,DEN
0022601023,2027-03-20,CLE,CHI
0022601024,2027-03-20,DET,CHA
0022601025,2027-03-20,MEM,OKC
0022601026,2027-03-20,MIL,IND
0022601027,2027-03-20,LAC,ATL
0022601028,2027-03-21,BOS,NOP
0022601029,2027-03-21,BKN,SAC
0022601030,2027-03-21,UTA,TOR
0022601031,2027-03-21,PHX,POR
0022601032,2027-03-21,MIA,DEN
0022601033,2027-03-21,PHI,SAS
0022601034,2027-03-21,LAL,DAL
0022601035,2027-03-22,CLE,HOU
0022601036,2027-03-22,ORL,IND
0022601037,2027-03-22,CHI,SAC
0022601038,2027-03-22,MEM,CHA
0022601039,2027-03-22,MIL,WAS
0022601040,2027-03-22,MIN,DET
0022601041,2027-03-22,GSW,ATL
0022601042,2027-03-22,LAC,DAL
0022601043,2027-03-23,BKN,BOS
0022601044,2027-03-23,NYK,NOP
0022601045,2027-03-23,MIA,LAL
0022601046,2027-03-23,UTA,PHI
0022601047,2027-03-23,POR,TOR
0022601048,2027-03-23,PHX,OKC
0022601049,2027-03-24,CHA,DET
0022601050,2027-03-24,IND,MEM
0022601051,2027-03-24,WAS,DEN
0022601052,2027-03-24,BOS,SAS
0022601053,2027-03-24,NYK,HOU
0022601054,2027-03-24,CHI,ORL
0022601055,2027-03-24,MIN,DAL
0022601056,2027-03-24,GSW,PHI
0022601057,2027-03-24,PHX,OKC
0022601058,2027-03-24,SAC,ATL
0022601059,2027-03-24,LAC,MIL
0022601060,2027-03-25,CLE,LAL
0022601061,2027-03-25,DET,HOU
0022601062,2027-03-25,IND,SAS
0022601063,2027-03-25,BKN,DEN
0022601064,2027-03-25,MIA,UTA
0022601065,2027-03-25,MEM,CHI
0022601066,2027-03-25,GSW,TOR
0022601067,2027-03-26,CHA,NYK
0022601068,2027-03-26,DAL,NOP
0022601069,2027-03-26,MIN,ORL
0022601070,2027-03-26,OKC,LAC
0022601071,2027-03-26,PHX,MIL
0022601072,2027-03-26,POR,PHI
0022601073,2027-03-27,DET,SAS
0022601074,2027-03-27,ATL,UTA
0022601075,2027-03-27,WAS,GSW
0022601076,2027-03-27,MIA,BOS
0022601077,2027-03-27,CHI,LAC
0022601078,2027-03-27,POR,MIL
0022601079,2027-03-27,SAC,TOR
0022601080,2027-03-28,ORL,NYK
0022601081,2027-03-28,BKN,MEM
0022601082,2027-03-28,HOU,LAL
0022601083,2027-03-28,CHA,UTA
0022601084,2027-03-28,WAS,DAL
0022601085,2027-03-28,NOP,BOS
0022601086,2027-03-28,MIN,OKC
0022601087,2027-03-28,PHX,TOR
0022601088,2027-03-28,DEN,PHI
0022601089,2027-03-29,ATL,MIN
0022601090,2027-03-29,CLE,MIA
0022601091,2027-03-29,DET,LAC
0022601092,2027-03-29,BKN,GSW
0022601093,2027-03-29,CHI,IND
0022601094,2027-03-29,MIL,DAL
0022601095,2027-03-29,SAS,PHX
0022601096,2027-03-29,SAC,DEN
0022601097,2027-03-30,CHA,MIA
0022601098,2027-03-30,IND,BOS
0022601099,2027-03-30,ORL,NYK
0022601100,2027-03-30,MEM,LAL
0022601101,2027-03-30,UTA,OKC
0022601102,2027-03-30,POR,HOU
0022601103,2027-03-31,ATL,LAC
0022601104,2027-03-31,DET,TOR
0022601105,2027-03-31,PHI,GSW
0022601106,2027-03-31,WAS,CHI
0022601107,2027-03-31,BKN,CLE
0022601108,2027-03-31,MIL,NOP
0022601109,2027-03-31,MIN,SAC
0022601110,2027-03-31,SAS,PHX
0022601111,2027-03-31,DAL,DEN
0022601112,2027-03-31,POR,HOU
0022601113,2027-04-01,CLE,BOS
0022601114,2027-04-01,IND,ORL
0022601115,2027-04-01,NYK,CHA
0022601116,2027-04-01,OKC,LAL
0022601117,2027-04-02,WAS,PHI
0022601118,2027-04-02,BOS,MIA
0022601119,2027-04-02,BKN,NYK
0022601120,2027-04-02,MIN,GSW
0022601121,2027-04-02,CHI,DET
0022601122,2027-04-02,DAL,SAC
0022601123,2027-04-02,MIL,CHA
0022601124,2027-04-02,TOR,ATL
0022601125,2027-04-02,HOU,MEM
0022601126,2027-04-02,PHX,DEN
0022601127,2027-04-02,POR,UTA
0022601128,2027-04-02,LAC,SAS
0022601129,2027-04-03,OKC,NOP
0022601130,2027-04-03,ORL,WAS
0022601131,2027-04-04,PHI,ATL
0022601132,2027-04-04,MIL,BKN
0022601133,2027-04-04,CLE,CHA
0022601134,2027-04-04,DET,MIA
0022601135,2027-04-04,DAL,MIN
0022601136,2027-04-04,TOR,IND
0022601137,2027-04-04,HOU,CHI
0022601138,2027-04-04,LAC,PHX
0022601139,2027-04-04,DEN,MEM
0022601140,2027-04-04,UTA,POR
0022601141,2027-04-04,SAC,GSW
0022601142,2027-04-04,NYK,BOS
0022601143,2027-04-04,LAL,SAS
0022601144,2027-04-05,CLE,BKN
0022601145,2027-04-05,ORL,MIA
0022601146,2027-04-05,NOP,WAS
0022601147,2027-04-06,CHA,IND
0022601148,2027-04-06,TOR,PHI
0022601149,2027-04-06,ATL,NYK
0022601150,2027-04-06,MEM,DET
0022601151,2027-04-06,MIL,CHI
0022601152,2027-04-06,SAS,SAC
0022601153,2027-04-06,DEN,NOP
0022601154,2027-04-06,UTA,OKC
0022601155,2027-04-06,LAL,DAL
0022601156,2027-04-06,LAC,MIN
0022601157,2027-04-06,GSW,PHX
0022601158,2027-04-07,DET,IND
0022601159,2027-04-07,ORL,BOS
0022601160,2027-04-07,TOR,BKN
0022601161,2027-04-07,SAS,CLE
0022601162,2027-04-07,CHI,CHA
0022601163,2027-04-07,MEM,WAS
0022601164,2027-04-07,HOU,SAC
0022601165,2027-04-07,LAL,MIN
0022601166,2027-04-07,POR,DAL
0022601167,2027-04-08,MIA,PHI
0022601168,2027-04-08,MIL,NYK
0022601169,2027-04-08,DEN,LAC
0022601170,2027-04-08,UTA,NOP
0022601171,2027-04-08,OKC,GSW
0022601172,2027-04-09,ATL,BOS
0022601173,2027-04-09,CHA,BKN
0022601174,2027-04-09,IND,CLE
0022601175,2027-04-09,NYK,DET
0022601176,2027-04-09,ORL,TOR
0022601177,2027-04-09,MIA,WAS
0022601178,2027-04-09,CHI,MIL
0022601179,2027-04-09,OKC,GSW
0022601180,2027-04-09,HOU,POR
0022601181,2027-04-09,SAS,DEN
0022601182,2027-04-09,UTA,LAC
0022601183,2027-04-09,LAL,MIN
0022601184,2027-04-09,PHX,MEM
0022601185,2027-04-09,SAC,DAL
0022601186,2027-04-11,BOS,MIL
0022601187,2027-04-11,BKN,TOR
0022601188,2027-04-11,CLE,ATL
0022601189,2027-04-11,MIA,ORL
0022601190,2027-04-11,NYK,IND
0022601191,2027-04-11,PHI,CHA
0022601192,2027-04-11,WAS,DET
0022601193,2027-04-11,NOP,CHI
0022601194,2027-04-11,DAL,MEM
0022601195,2027-04-11,MIN,HOU
0022601196,2027-04-11,SAS,POR
0022601197,2027-04-11,DEN,OKC
0022601198,2027-04-11,GSW,UTA
0022601199,2027-04-11,LAC,SAC
0022601200,2027-04-11,LAL,PHX
