team,wins,losses,points_for,points_against,margin,win_pct
OKC,61,19,9354,8632,9.025,0.7625
BOS,53,27,9474,8870,7.55,0.6625
SAS,53,27,9519,9076,5.5375,0.6625
DET,52,28,9396,8947,5.6125,0.65
POR,52,28,9565,9143,5.275,0.65
CLE,51,29,9485,9175,3.875,0.6375
HOU,50,30,9182,8894,3.6,0.625
ATL,47,33,9444,9251,2.4125,0.5875
PHX,45,35,9252,9113,1.7375,0.5625
CHI,44,36,9671,9497,2.175,0.55
NYK,44,36,9271,9232,0.4875,0.55
CHA,43,37,9037,8927,1.375,0.5375
TOR,42,38,9077,8918,1.9875,0.525
MIA,40,40,9201,9364,-2.0375,0.5
MIL,39,41,9338,9287,0.6375,0.4875
LAL,38,42,9300,9279,0.2625,0.475
PHI,37,43,9086,9161,-0.9375,0.4625
GSW,36,44,9177,9324,-1.8375,0.45
ORL,35,45,9129,9214,-1.0625,0.4375
DEN,35,45,9299,9477,-2.225,0.4375
MEM,35,45,9189,9373,-2.3,0.4375
IND,34,46,9144,9433,-3.6125,0.425
UTA,33,47,9378,9691,-3.9125,0.4125
DAL,32,48,9410,9554,-1.8,0.4
NOP,32,48,9290,9526,-2.95,0.4
WAS,31,49,9126,9394,-3.35,0.3875
MIN,30,50,9215,9509,-3.675,0.375
SAC,27,53,9114,9576,-5.775,0.3375
BKN,25,55,8732,9371,-7.9875,0.3125
LAC,24,56,8893,9540,-8.0875,0.3
