team,mean_wins,low,high,this_season
OKC,54.6,37.8,68.5,61
SAS,51.6,26.9,70.1,53
DET,50.13333333333333,34.8,68.4,52
BOS,49.4,25.6,70.4,53
HOU,46.8,33.9,60.1,50
CLE,45.53333333333333,36.7,59.1,51
LAL,45.06666666666667,25.8,66.0,38
ATL,44.8,27.400000000000002,62.1,47
POR,43.03333333333333,22.9,61.000000000000014,52
ORL,42.56666666666667,20.9,62.50000000000001,35
TOR,42.53333333333333,26.8,65.30000000000001,42
CHA,41.9,23.400000000000002,63.0,43
PHX,41.6,27.9,54.2,45
MIN,40.2,22.9,59.300000000000004,30
GSW,39.266666666666666,17.0,58.1,36
NOP,39.166666666666664,22.9,54.50000000000001,32
DEN,39.0,20.9,60.400000000000006,35
DAL,37.86666666666667,23.5,51.1,32
NYK,37.86666666666667,21.9,58.300000000000004,44
MIA,37.7,22.0,52.20000000000002,40
SAC,37.0,16.8,60.1,27
MIL,35.733333333333334,22.700000000000003,51.400000000000006,39
CHI,34.9,19.700000000000003,48.1,44
PHI,34.733333333333334,19.9,50.1,37
IND,34.266666666666666,20.0,48.90000000000001,34
MEM,32.6,14.9,48.300000000000004,35
UTA,31.033333333333335,14.0,51.0,33
WAS,30.466666666666665,15.8,48.0,31
LAC,30.033333333333335,14.9,43.100000000000016,24
BKN,28.6,12.9,43.50000000000001,25
