gameId,actionNumber,clock,period,teamId,teamTricode,personId,playerName,playerNameI,xLegacy,yLegacy,shotDistance,shotResult,isFieldGoal,scoreHome,scoreAway,pointsTotal,location,description,actionType,subType,videoAvailable,shotValue,actionId
0021700010,2,PT12M00.00S,1,0,,0,,,0,0,0,,0,0,0,0,,Start of 1st Period (9:13 PM EST),period,start,0,0,1
0021700010,4,PT12M00.00S,1,1610612762,UTA,203497,Gobert,R. Gobert,0,0,0,,0,,,0,h,Jump Ball Gobert vs. Millsap: Tip to Favors,Jump Ball,,1,0,2
0021700010,7,PT11M46.00S,1,1610612762,UTA,202324,Favors,D. Favors,-52,16,5,Made,1,2,0,2,h,Favors 5' Jump Shot (2 PTS) (Ingles 1 AST),Made Shot,Jump Shot,1,2,3
0021700010,9,PT11M31.00S,1,1610612743,DEN,200794,Millsap,P. Millsap,105,1,11,Missed,1,,,0,v,MISS Millsap 11' Jump Shot,Missed Shot,Jump Shot,1,2,4
0021700010,10,PT11M27.00S,1,1610612762,UTA,203497,Gobert,R. Gobert,0,0,0,,0,,,0,h,Gobert REBOUND (Off:0 Def:1),Rebound,Unknown,1,0,5
0021700010,11,PT11M17.00S,1,1610612762,UTA,202324,Favors,D. Favors,-105,53,12,Missed,1,,,0,h,MISS Favors 12' Jump Shot,Missed Shot,Jump Shot,1,2,6
0021700010,12,PT11M13.00S,1,1610612743,DEN,1627750,Murray,J. Murray,0,0,0,,0,,,0,v,Murray REBOUND (Off:0 Def:1),Rebound,Unknown,1,0,7
0021700010,13,PT10M55.00S,1,1610612743,DEN,203914,Harris,G. Harris,115,235,26,Made,1,2,3,5,v,Harris 26' 3PT Jump Shot (3 PTS) (Jokic 1 AST),Made Shot,Jump Shot,1,3,8
0021700010,15,PT10M37.00S,1,1610612762,UTA,203497,Gobert,R. Gobert,6,27,3,Made,1,4,3,7,h,Gobert 3' Dunk (2 PTS) (Ingles 2 AST),Made Shot,Dunk Shot,1,2,9
0021700010,17,PT10M25.00S,1,1610612743,DEN,201163,Chandler,W. Chandler,-225,0,0,Missed,1,,,0,v,MISS Chandler 3PT Jump Shot,Missed Shot,Jump Shot,1,3,10
0021700010,18,PT10M22.00S,1,1610612762,UTA,201937,Rubio,R. Rubio,0,0,0,,0,,,0,h,Rubio REBOUND (Off:0 Def:1),Rebound,Unknown,1,0,11
0021700010,19,PT10M21.00S,1,1610612762,UTA,201937,Rubio,R. Rubio,0,0,0,,0,,,0,h,Rubio Out of Bounds - Bad Pass Turnover Turnover (P1.T1),Turnover,Out of Bounds - Bad Pass Turnover,1,0,12
0021700010,20,PT09M58.00S,1,1610612743,DEN,201163,Chandler,W. Chandler,228,67,24,Missed,1,,,0,v,MISS Chandler 24' 3PT Jump Shot,Missed Shot,Jump Shot,1,3,13
0021700010,21,PT09M54.00S,1,1610612743,DEN,1627750,Murray,J. Murray,0,0,0,,0,,,0,v,Murray REBOUND (Off:1 Def:1),Rebound,Unknown,1,0,14
0021700010,22,PT09M53.00S,1,1610612743,DEN,1627750,Murray,J. Murray,0,0,0,,0,,,0,v,Murray Bad Pass Turnover (P1.T1),Turnover,Bad Pass,1,0,15
0021700010,22,PT09M53.00S,1,1610612762,UTA,204060,Ingles,J. Ingles,0,0,0,,0,,,0,h,Ingles STEAL (1 STL),,,1,0,16
0021700010,24,PT09M43.00S,1,1610612743,DEN,200794,Millsap,P. Millsap,0,0,0,,0,,,0,v,Millsap S.FOUL (P1.T1) (S.Foster),Foul,Shooting,1,0,17
0021700010,26,PT09M43.00S,1,1610612762,UTA,1628378,Mitchell,D. Mitchell,0,0,0,,0,5,3,8,h,Mitchell Free Throw 1 of 2 (1 PTS),Free Throw,Free Throw 1 of 2,0,0,18
0021700010,27,PT09M43.00S,1,1610612762,UTA,1628378,Mitchell,D. Mitchell,0,0,0,,0,6,3,9,h,Mitchell Free Throw 2 of 2 (2 PTS),Free Throw,Free Throw 2 of 2,0,0,19
0021700010,29,PT09M18.00S,1,1610612743,DEN,1627750,Murray,J. Murray,234,-2,0,Missed,1,,,0,v,MISS Murray 3PT Jump Shot,Missed Shot,Jump Shot,1,3,20
0021700010,30,PT09M16.00S,1,1610612762,UTA,202324,Favors,D. Favors,0,0,0,,0,,,0,h,Favors REBOUND (Off:0 Def:1),Rebound,Unknown,1,0,21
0021700010,31,PT09M05.00S,1,1610612762,UTA,1628378,Mitchell,D. Mitchell,-36,74,8,Missed,1,,,0,h,MISS Mitchell 8' Pullup Jump Shot,Missed Shot,Pullup Jump shot,1,2,22
0021700010,32,PT09M01.00S,1,1610612743,DEN,203999,Jokić,N. Jokić,0,0,0,,0,,,0,v,Jokic REBOUND (Off:0 Def:1),Rebound,Unknown,1,0,23
0021700010,33,PT08M51.00S,1,1610612743,DEN,203999,Jokić,N. Jokić,-19,22,3,Missed,1,,,0,v,MISS Jokic 3' Hook Shot,Missed Shot,Hook Shot,1,2,24
0021700010,33,PT08M51.00S,1,1610612762,UTA,1628378,Mitchell,D. Mitchell,0,0,0,,0,,,0,h,Mitchell BLOCK (1 BLK),,,1,2,25
0021700010,35,PT08M48.00S,1,1610612762,UTA,201937,Rubio,R. Rubio,0,0,0,,0,,,0,h,Rubio REBOUND (Off:0 Def:2),Rebound,Unknown,1,0,26
0021700010,36,PT08M44.00S,1,1610612762,UTA,201937,Rubio,R. Rubio,-58,169,18,Missed,1,,,0,h,MISS Rubio 18' Pullup Jump Shot,Missed Shot,Pullup Jump shot,1,2,27
0021700010,37,PT08M40.00S,1,1610612743,DEN,200794,Millsap,P. Millsap,0,0,0,,0,,,0,v,Millsap REBOUND (Off:0 Def:1),Rebound,Unknown,1,0,28
0021700010,38,PT08M26.00S,1,1610612743,DEN,201163,Chandler,W. Chandler,18,156,16,Missed,1,,,0,v,MISS Chandler 16' Jump Shot,Missed Shot,Jump Shot,1,2,29
0021700010,39,PT08M23.00S,1,1610612762,UTA,203497,Gobert,R. Gobert,0,0,0,,0,,,0,h,Gobert REBOUND (Off:0 Def:2),Rebound,Unknown,1,0,30
0021700010,40,PT08M15.00S,1,1610612762,UTA,201937,Rubio,R. Rubio,117,148,19,Made,1,8,3,11,h,Rubio 19' Step Back Jump Shot (2 PTS),Made Shot,Step Back Jump shot,1,2,31
0021700010,41,PT07M59.00S,1,1610612743,DEN,203999,Jokić,N. Jokić,-18,195,20,Made,1,8,5,13,v,Jokic 20' Jump Shot (2 PTS) (Murray 1 AST),Made Shot,Jump Shot,1,2,32
0021700010,43,PT07M36.00S,1,1610612762,UTA,1628378,Mitchell,D. Mitchell,16,10,2,Missed,1,,,0,h,MISS Mitchell 2' Driving Layup,Missed Shot,Driving Layup Shot,1,2,33
0021700010,45,PT07M33.00S,1,1610612743,DEN,203999,Jokić,N. Jokić,0,0,0,,0,,,0,v,Jokic REBOUND (Off:0 Def:2),Rebound,Unknown,1,0,34
0021700010,46,PT07M23.00S,1,1610612743,DEN,201163,Chandler,W. Chandler,-10,4,1,Made,1,8,7,15,v,Chandler 1' Dunk (2 PTS),Made Shot,Dunk Shot,1,2,35
0021700010,47,PT07M16.00S,1,0,,1610612762,,,0,0,0,,0,,,0,h,JAZZ Timeout: Regular (Full 1 Short 0),Timeout,Regular,0,0,36
0021700010,49,PT07M16.00S,1,1610612762,UTA,202324,Favors,D. Favors,0,0,0,,0,,,0,h,SUB: Johnson FOR Favors,Substitution,,0,0,37
0021700010,50,PT07M05.00S,1,1610612762,UTA,2207,Johnson,J. Johnson,4,88,9,Made,1,10,7,17,h,Johnson 9' Fadeaway Jumper (2 PTS),Made Shot,Fadeaway Jump Shot,1,2,38
0021700010,51,PT06M46.00S,1,1610612743,DEN,203999,Jokić,N. Jokić,-18,22,3,Missed,1,,,0,v,MISS Jokic 3' Layup,Missed Shot,Layup Shot,1,2,39
0021700010,52,PT06M43.00S,1,1610612762,UTA,204060,Ingles,J. Ingles,0,0,0,,0,,,0,h,Ingles REBOUND (Off:0 Def:1),Rebound,Unknown,1,0,40
0021700010,53,PT06M39.00S,1,1610612762,UTA,1628378,Mitchell,D. Mitchell,-35,90,10,Made,1,12,7,19,h,Mitchell 10' Turnaround Jump Shot (4 PTS),Made Shot,Turnaround Jump Shot,1,2,41
0021700010,54,PT06M20.00S,1,1610612743,DEN,203914,Harris,G. Harris,143,225,27,Made,1,12,10,22,v,Harris 27' 3PT Jump Shot (6 PTS) (Jokic 2 AST),Made Shot,Jump Shot,1,3,42
0021700010,56,PT06M03.00S,1,1610612762,UTA,204060,Ingles,J. Ingles,100,230,25,Missed,1,,,0,h,MISS Ingles 25' 3PT Jump Shot,Missed Shot,Jump Shot,1,3,43
0021700010,57,PT06M00.00S,1,1610612743,DEN,200794,Millsap,P. Millsap,0,0,0,,0,,,0,v,Millsap REBOUND (Off:0 Def:2),Rebound,Unknown,1,0,44
0021700010,58,PT05M56.00S,1,1610612743,DEN,200794,Millsap,P. Millsap,33,32,5,Made,1,12,12,24,v,Millsap 5' Driving Layup (2 PTS),Made Shot,Driving Layup Shot,1,2,45
0021700010,59,PT05M56.00S,1,1610612762,UTA,203497,Gobert,R. Gobert,0,0,0,,0,,,0,h,Gobert S.FOUL (P1.T1) (J.Sterling),Foul,Shooting,1,0,46
0021700010,64,PT05M56.00S,1,1610612762,UTA,1628378,Mitchell,D. Mitchell,0,0,0,,0,,,0,h,SUB: Hood FOR Mitchell,Substitution,,0,0,47
0021700010,65,PT05M56.00S,1,1610612743,DEN,203999,Jokić,N. Jokić,0,0,0,,0,,,0,v,SUB: Barton FOR Jokic,Substitution,,0,0,48
0021700010,66,PT05M56.00S,1,1610612743,DEN,201163,Chandler,W. Chandler,0,0,0,,0,,,0,v,SUB: Plumlee FOR Chandler,Substitution,,0,0,49
0021700010,67,PT05M56.00S,1,1610612743,DEN,200794,Millsap,P. Millsap,0,0,0,,0,12,13,25,v,Millsap Free Throw 1 of 1 (3 PTS),Free Throw,Free Throw 1 of 1,0,0,50
0021700010,68,PT05M48.00S,1,1610612762,UTA,2207,Johnson,J. Johnson,225,62,0,Missed,1,,,0,h,MISS Johnson 3PT Jump Shot,Missed Shot,Jump Shot,1,3,51
0021700010,69,PT05M43.00S,1,1610612743,DEN,203115,Barton,W. Barton,0,0,0,,0,,,0,v,Barton REBOUND (Off:0 Def:1),Rebound,Unknown,1,0,52
0021700010,70,PT05M40.00S,1,1610612743,DEN,203486,Plumlee,M. Plumlee,18,24,3,Made,1,12,15,27,v,Plumlee 3' Alley Oop Dunk (2 PTS) (Barton 1 AST),Made Shot,Alley Oop Dunk Shot,1,2,53
0021700010,72,PT05M19.00S,1,1610612762,UTA,203497,Gobert,R. Gobert,-24,10,3,Made,1,14,15,29,h,Gobert 3' Layup (4 PTS) (Ingles 3 AST),Made Shot,Layup Shot,1,2,54
0021700010,74,PT05M08.00S,1,1610612762,UTA,204060,Ingles,J. Ingles,0,0,0,,0,,,0,h,Ingles S.FOUL (P1.T2) (S.Foster),Foul,Shooting,1,0,55
0021700010,76,PT05M08.00S,1,1610612743,DEN,200794,Millsap,P. Millsap,0,0,0,,0,14,16,30,v,Millsap Free Throw 1 of 2 (4 PTS),Free Throw,Free Throw 1 of 2,0,0,56
0021700010,78,PT05M08.00S,1,1610612743,DEN,1627750,Murray,J. Murray,0,0,0,,0,,,0,v,SUB: Mudiay FOR Murray,Substitution,,0,0,57
0021700010,79,PT05M08.00S,1,1610612743,DEN,200794,Millsap,P. Millsap,0,0,0,,0,14,17,31,v,Millsap Free Throw 2 of 2 (5 PTS),Free Throw,Free Throw 2 of 2,0,0,58
0021700010,80,PT04M57.00S,1,1610612743,DEN,1626144,Mudiay,E. Mudiay,0,0,0,,0,,,0,v,Mudiay P.FOUL (P1.T2) (L.Wood),Foul,Personal,1,0,59
0021700010,83,PT04M43.00S,1,1610612762,UTA,2207,Johnson,J. Johnson,40,244,25,Missed,1,,,0,h,MISS Johnson 25' 3PT Jump Shot,Missed Shot,Jump Shot,1,3,60
0021700010,84,PT04M40.00S,1,0,,1610612743,,,0,0,0,,0,,,0,v,Nuggets Rebound,Rebound,Unknown,0,0,61
0021700010,85,PT04M25.00S,1,1610612743,DEN,200794,Millsap,P. Millsap,0,0,0,,0,,,0,v,Millsap OFF.Foul (P2) (S.Foster),Foul,Offensive,1,0,62
0021700010,87,PT04M25.00S,1,1610612743,DEN,200794,Millsap,P. Millsap,0,0,0,,0,,,0,v,Millsap Offensive Foul Turnover (P1.T2),Turnover,Offensive Foul Turnover,1,0,63
0021700010,90,PT04M25.00S,1,1610612762,UTA,204060,Ingles,J. Ingles,0,0,0,,0,,,0,h,SUB: Burks FOR Ingles,Substitution,,0,0,64
0021700010,91,PT04M25.00S,1,1610612743,DEN,200794,Millsap,P. Millsap,0,0,0,,0,,,0,v,SUB: Jokic FOR Millsap,Substitution,,0,0,65
0021700010,92,PT04M09.00S,1,1610612762,UTA,203918,Hood,R. Hood,-66,246,25,Missed,1,,,0,h,MISS Hood 25' 3PT Jump Shot,Missed Shot,Jump Shot,1,3,66
0021700010,93,PT04M07.00S,1,1610612743,DEN,203999,Jokić,N. Jokić,0,0,0,,0,,,0,v,Jokic REBOUND (Off:0 Def:3),Rebound,Unknown,1,0,67
0021700010,94,PT04M04.00S,1,1610612743,DEN,203999,Jokić,N. Jokić,0,0,0,,0,,,0,v,Jokic Traveling Turnover (P1.T3),Turnover,Traveling,1,0,68
0021700010,95,PT03M43.00S,1,1610612762,UTA,202692,Burks,A. Burks,-23,22,3,Made,1,16,17,33,h,Burks 3' Driving Layup (2 PTS),Made Shot,Driving Layup Shot,1,2,69
0021700010,96,PT03M33.00S,1,1610612743,DEN,203115,Barton,W. Barton,228,8,0,Made,1,16,20,36,v,Barton 3PT Jump Shot (3 PTS) (Harris 1 AST),Made Shot,Jump Shot,1,3,70
0021700010,98,PT03M12.00S,1,1610612762,UTA,203918,Hood,R. Hood,-7,137,14,Missed,1,,,0,h,MISS Hood 14' Jump Shot,Missed Shot,Jump Shot,1,2,71
0021700010,99,PT03M09.00S,1,1610612743,DEN,203115,Barton,W. Barton,0,0,0,,0,,,0,v,Barton REBOUND (Off:0 Def:2),Rebound,Unknown,1,0,72
0021700010,100,PT03M07.00S,1,1610612762,UTA,202692,Burks,A. Burks,0,0,0,,0,,,0,h,Burks S.FOUL (P1.T3) (L.Wood),Foul,Shooting,1,0,73
0021700010,102,PT03M07.00S,1,1610612743,DEN,203115,Barton,W. Barton,0,0,0,,0,16,21,37,v,Barton Free Throw 1 of 2 (4 PTS),Free Throw,Free Throw 1 of 2,0,0,74
0021700010,105,PT03M07.00S,1,1610612762,UTA,201937,Rubio,R. Rubio,0,0,0,,0,,,0,h,SUB: Mitchell FOR Rubio,Substitution,,0,0,75
0021700010,106,PT03M07.00S,1,1610612743,DEN,203914,Harris,G. Harris,0,0,0,,0,,,0,v,SUB: Chandler FOR Harris,Substitution,,0,0,76
0021700010,107,PT03M07.00S,1,1610612743,DEN,203115,Barton,W. Barton,0,0,0,,0,16,22,38,v,Barton Free Throw 2 of 2 (5 PTS),Free Throw,Free Throw 2 of 2,0,0,77
0021700010,108,PT02M48.00S,1,1610612762,UTA,2207,Johnson,J. Johnson,20,53,6,Missed,1,,,0,h,MISS Johnson 6' Hook Shot,Missed Shot,Hook Shot,1,2,78
0021700010,109,PT02M46.00S,1,1610612743,DEN,203999,Jokić,N. Jokić,0,0,0,,0,,,0,v,Jokic REBOUND (Off:0 Def:4),Rebound,Unknown,1,0,79
0021700010,110,PT02M34.00S,1,1610612743,DEN,203115,Barton,W. Barton,-9,11,1,Made,1,16,24,40,v,Barton 1' Reverse Dunk (7 PTS) (Jokic 3 AST),Made Shot,Reverse Dunk Shot,1,2,80
0021700010,112,PT02M10.00S,1,1610612762,UTA,202692,Burks,A. Burks,-78,209,22,Missed,1,,,0,h,MISS Burks 22' Pullup Jump Shot,Missed Shot,Pullup Jump shot,1,2,81
0021700010,113,PT02M06.00S,1,1610612743,DEN,203486,Plumlee,M. Plumlee,0,0,0,,0,,,0,v,Plumlee REBOUND (Off:0 Def:1),Rebound,Unknown,1,0,82
0021700010,114,PT01M54.00S,1,1610612762,UTA,2207,Johnson,J. Johnson,0,0,0,,0,,,0,h,Johnson Violation:Kicked Ball (S.Foster),Violation,Kicked Ball,0,0,83
0021700010,115,PT01M54.00S,1,0,,1610612743,,,0,0,0,,0,,,0,v,Nuggets Timeout: Regular (Reg.1 Short 0),Timeout,Regular,0,0,84
0021700010,117,PT01M54.00S,1,1610612762,UTA,203497,Gobert,R. Gobert,0,0,0,,0,,,0,h,SUB: Udoh FOR Gobert,Substitution,,0,0,85
0021700010,118,PT01M42.00S,1,1610612743,DEN,1626144,Mudiay,E. Mudiay,-16,69,7,Missed,1,,,0,v,MISS Mudiay 7' Jump Shot,Missed Shot,Jump Shot,1,2,86
0021700010,118,PT01M42.00S,1,1610612762,UTA,202327,Udoh,E. Udoh,0,0,0,,0,,,0,h,Udoh BLOCK (1 BLK),,,1,2,87
0021700010,120,PT01M40.00S,1,0,,1610612743,,,0,0,0,,0,,,0,v,Nuggets Rebound,Rebound,Unknown,0,0,88
0021700010,121,PT01M40.00S,1,0,,1610612743,,,0,0,0,,0,,,0,v,Nuggets Turnover: Shot Clock (T#4),Turnover,Shot Clock Turnover,0,0,89
0021700010,124,PT01M21.00S,1,1610612762,UTA,203918,Hood,R. Hood,-174,175,25,Made,1,19,24,43,h,Hood 25' 3PT Jump Shot (3 PTS),Made Shot,Jump Shot,1,3,90
0021700010,125,PT01M08.00S,1,1610612743,DEN,203999,Jokić,N. Jokić,94,58,11,Missed,1,,,0,v,MISS Jokic 11' Jump Bank Shot,Missed Shot,Jump Bank Shot,1,2,91
0021700010,126,PT01M05.00S,1,1610612762,UTA,2207,Johnson,J. Johnson,0,0,0,,0,,,0,h,Johnson REBOUND (Off:0 Def:1),Rebound,Unknown,1,0,92
0021700010,127,PT00M59.70S,1,1610612762,UTA,1628378,Mitchell,D. Mitchell,-229,107,25,Missed,1,,,0,h,MISS Mitchell 25' 3PT Jump Shot,Missed Shot,Jump Shot,1,3,93
0021700010,128,PT00M57.20S,1,1610612743,DEN,203115,Barton,W. Barton,0,0,0,,0,,,0,v,Barton REBOUND (Off:0 Def:3),Rebound,Unknown,1,0,94
0021700010,129,PT00M53.10S,1,1610612743,DEN,203115,Barton,W. Barton,119,222,25,Made,1,19,27,46,v,Barton 25' 3PT Jump Shot (10 PTS),Made Shot,Jump Shot,1,3,95
0021700010,130,PT00M36.90S,1,1610612762,UTA,2207,Johnson,J. Johnson,35,100,11,Made,1,21,27,48,h,Johnson 11' Pullup Jump Shot (4 PTS),Made Shot,Pullup Jump shot,1,2,96
0021700010,131,PT00M28.00S,1,1610612743,DEN,201163,Chandler,W. Chandler,-188,167,25,Made,1,21,30,51,v,Chandler 25' 3PT Jump Shot (5 PTS) (Plumlee 1 AST),Made Shot,Jump Shot,1,3,97
0021700010,133,PT00M09.40S,1,1610612743,DEN,203486,Plumlee,M. Plumlee,0,0,0,,0,,,0,v,Plumlee P.FOUL (P1.T3) (J.Sterling),Foul,Personal,1,0,98
0021700010,135,PT00M01.90S,1,1610612762,UTA,202692,Burks,A. Burks,24,16,3,Missed,1,,,0,h,MISS Burks 3' Driving Layup,Missed Shot,Driving Layup Shot,1,2,99
0021700010,136,PT00M00.10S,1,1610612743,DEN,203999,Jokić,N. Jokić,0,0,0,,0,,,0,v,Jokic REBOUND (Off:0 Def:5),Rebound,Unknown,1,0,100
0021700010,137,PT00M00.00S,1,1610612743,DEN,203999,Jokić,N. Jokić,-44,612,61,Missed,1,,,0,v,MISS Jokic 61' 3PT Jump Shot,Missed Shot,Jump Shot,1,3,101
0021700010,138,PT00M00.00S,1,0,,1610612743,,,0,0,0,,0,,,0,v,Nuggets Rebound,Rebound,Unknown,0,0,102
0021700010,139,PT00M00.00S,1,0,,0,,,0,0,0,,0,21,30,51,,End of 1st Period (9:37 PM EST),period,end,1,0,103
0021700010,146,PT12M00.00S,2,0,,0,,,0,0,0,,0,21,30,51,,Start of 2nd Period (9:40 PM EST),period,start,0,0,104
0021700010,147,PT11M43.00S,2,1610612743,DEN,1626144,Mudiay,E. Mudiay,27,34,4,Missed,1,,,0,v,MISS Mudiay 4' Driving Layup,Missed Shot,Driving Layup Shot,1,2,105
0021700010,148,PT11M40.00S,2,1610612762,UTA,202324,Favors,D. Favors,0,0,0,,0,,,0,h,Favors REBOUND (Off:0 Def:2),Rebound,Unknown,1,0,106
0021700010,149,PT11M29.00S,2,1610612762,UTA,1628378,Mitchell,D. Mitchell,0,0,0,,0,,,0,h,Mitchell Lost Ball Turnover (P1.T2),Turnover,Lost Ball,1,0,107
0021700010,149,PT11M29.00S,2,1610612743,DEN,203115,Barton,W. Barton,0,0,0,,0,,,0,v,Barton STEAL (1 STL),,,1,0,108
0021700010,151,PT11M25.00S,2,1610612743,DEN,203115,Barton,W. Barton,9,25,3,Made,1,21,32,53,v,Barton 3' Running Dunk (12 PTS),Made Shot,Running Dunk Shot,1,2,109
0021700010,152,PT11M05.00S,2,1610612762,UTA,200757,Sefolosha,T. Sefolosha,13,34,4,Made,1,23,32,55,h,Sefolosha 4' Layup (2 PTS),Made Shot,Layup Shot,1,2,110
0021700010,153,PT10M51.00S,2,1610612743,DEN,202702,Faried,K. Faried,0,0,0,,0,,,0,v,Faried Lost Ball Turnover (P1.T5),Turnover,Lost Ball,1,0,111
0021700010,153,PT10M51.00S,2,1610612762,UTA,202692,Burks,A. Burks,0,0,0,,0,,,0,h,Burks STEAL (1 STL),,,1,0,112
0021700010,155,PT10M46.00S,2,1610612762,UTA,202692,Burks,A. Burks,15,13,2,Made,1,25,32,57,h,Burks 2' Running Dunk (4 PTS),Made Shot,Running Dunk Shot,1,2,113
0021700010,158,PT10M33.00S,2,1610612743,DEN,203999,Jokić,N. Jokić,4,217,22,Made,1,25,34,59,v,Jokic 22' Jump Shot (4 PTS) (Mudiay 1 AST),Made Shot,Jump Shot,1,2,114
0021700010,160,PT10M18.00S,2,1610612762,UTA,202324,Favors,D. Favors,-62,173,18,Missed,1,,,0,h,MISS Favors 18' Jump Shot,Missed Shot,Jump Shot,1,2,115
0021700010,161,PT10M18.00S,2,1610612743,DEN,1626144,Mudiay,E. Mudiay,0,0,0,,0,,,0,v,Mudiay REBOUND (Off:0 Def:1),Rebound,Unknown,1,0,116
0021700010,162,PT09M57.00S,2,1610612762,UTA,202324,Favors,D. Favors,0,0,0,,0,,,0,h,Favors P.FOUL (P1.T1) (S.Foster),Foul,Personal,1,0,117
0021700010,165,PT09M57.00S,2,1610612762,UTA,202692,Burks,A. Burks,0,0,0,,0,,,0,h,SUB: Ingles FOR Burks,Substitution,,0,0,118
0021700010,166,PT09M46.00S,2,1610612743,DEN,203115,Barton,W. Barton,74,236,25,Made,1,25,37,62,v,Barton 25' 3PT Jump Shot (15 PTS),Made Shot,Jump Shot,1,3,119
0021700010,167,PT09M24.00S,2,1610612762,UTA,204060,Ingles,J. Ingles,223,28,0,Made,1,28,37,65,h,Ingles 3PT Jump Shot (3 PTS) (Sefolosha 1 AST),Made Shot,Jump Shot,1,3,120
0021700010,169,PT09M09.00S,2,1610612743,DEN,1626144,Mudiay,E. Mudiay,147,8,15,Missed,1,,,0,v,MISS Mudiay 15' Step Back Jump Shot,Missed Shot,Step Back Jump shot,1,2,121
0021700010,170,PT09M06.00S,2,1610612762,UTA,204060,Ingles,J. Ingles,0,0,0,,0,,,0,h,Ingles REBOUND (Off:0 Def:2),Rebound,Unknown,1,0,122
0021700010,171,PT08M52.00S,2,1610612762,UTA,202324,Favors,D. Favors,-12,8,1,Made,1,30,37,67,h,Favors 1' Dunk (4 PTS) (Ingles 4 AST),Made Shot,Dunk Shot,1,2,123
0021700010,173,PT08M52.00S,2,0,,1610612743,,,0,0,0,,0,,,0,v,Nuggets Timeout: Regular (Reg.2 Short 0),Timeout,Regular,0,0,124
0021700010,175,PT08M52.00S,2,1610612743,DEN,203999,Jokić,N. Jokić,0,0,0,,0,,,0,v,SUB: Millsap FOR Jokic,Substitution,,0,0,125
0021700010,176,PT08M32.00S,2,1610612743,DEN,1626144,Mudiay,E. Mudiay,-116,110,16,Missed,1,,,0,v,MISS Mudiay 16' Jump Shot,Missed Shot,Jump Shot,1,2,126
0021700010,176,PT08M32.00S,2,1610612762,UTA,202327,Udoh,E. Udoh,0,0,0,,0,,,0,h,Udoh BLOCK (2 BLK),,,1,2,127
0021700010,177,PT08M32.00S,2,1610612743,DEN,202702,Faried,K. Faried,0,0,0,,0,,,0,v,Faried REBOUND (Off:1 Def:0),Rebound,Unknown,1,0,128
0021700010,178,PT08M32.00S,2,1610612762,UTA,204060,Ingles,J. Ingles,0,0,0,,0,,,0,h,Ingles P.FOUL (P2.T2) (L.Wood),Foul,Personal,1,0,129
0021700010,180,PT08M26.00S,2,1610612743,DEN,200794,Millsap,P. Millsap,-163,66,18,Missed,1,,,0,v,MISS Millsap 18' Pullup Jump Shot,Missed Shot,Pullup Jump shot,1,2,130
0021700010,181,PT08M24.00S,2,1610612762,UTA,202324,Favors,D. Favors,0,0,0,,0,,,0,h,Favors REBOUND (Off:0 Def:3),Rebound,Unknown,1,0,131
0021700010,182,PT08M18.00S,2,1610612762,UTA,204060,Ingles,J. Ingles,-229,46,0,Made,1,33,37,70,h,Ingles 3PT Jump Shot (6 PTS) (Mitchell 1 AST),Made Shot,Jump Shot,1,3,132
0021700010,185,PT07M49.00S,2,1610612743,DEN,200794,Millsap,P. Millsap,133,213,25,Missed,1,,,0,v,MISS Millsap 25' 3PT Jump Shot,Missed Shot,Jump Shot,1,3,133
0021700010,186,PT07M46.00S,2,1610612762,UTA,200757,Sefolosha,T. Sefolosha,0,0,0,,0,,,0,h,Sefolosha REBOUND (Off:0 Def:1),Rebound,Unknown,1,0,134
0021700010,189,PT07M39.00S,2,1610612743,DEN,1627823,Hernangomez,J. Hernangomez,0,0,0,,0,,,0,v,SUB: Harris FOR Hernangomez,Substitution,,0,0,135
0021700010,190,PT07M34.00S,2,1610612762,UTA,202327,Udoh,E. Udoh,0,0,0,,0,,,0,h,Udoh Out of Bounds Lost Ball Turnover (P1.T3),Turnover,Out of Bounds Lost Ball Turnover,1,0,136
0021700010,191,PT07M17.00S,2,1610612743,DEN,200794,Millsap,P. Millsap,0,0,0,,0,,,0,v,Millsap Bad Pass Turnover (P2.T6),Turnover,Bad Pass,1,0,137
0021700010,191,PT07M17.00S,2,1610612762,UTA,204060,Ingles,J. Ingles,0,0,0,,0,,,0,h,Ingles STEAL (2 STL),,,1,0,138
0021700010,196,PT07M14.00S,2,1610612762,UTA,202327,Udoh,E. Udoh,0,0,0,,0,,,0,h,SUB: Gobert FOR Udoh,Substitution,,0,0,139
0021700010,197,PT07M14.00S,2,1610612743,DEN,1626144,Mudiay,E. Mudiay,0,0,0,,0,,,0,v,SUB: Murray FOR Mudiay,Substitution,,0,0,140
0021700010,198,PT07M12.00S,2,1610612743,DEN,203115,Barton,W. Barton,0,0,0,,0,,,0,v,Barton P.FOUL (P1.T1) (L.Wood),Foul,Personal,1,0,141
0021700010,201,PT07M12.00S,2,1610612762,UTA,1628378,Mitchell,D. Mitchell,0,0,0,,0,,,0,h,SUB: Rubio FOR Mitchell,Substitution,,0,0,142
0021700010,202,PT06M59.00S,2,1610612762,UTA,200757,Sefolosha,T. Sefolosha,85,116,14,Missed,1,,,0,h,MISS Sefolosha 14' Pullup Jump Shot,Missed Shot,Pullup Jump shot,1,2,143
0021700010,203,PT06M56.00S,2,1610612743,DEN,200794,Millsap,P. Millsap,0,0,0,,0,,,0,v,Millsap REBOUND (Off:0 Def:3),Rebound,Unknown,1,0,144
0021700010,204,PT06M49.00S,2,1610612762,UTA,202324,Favors,D. Favors,0,0,0,,0,,,0,h,Favors Violation:Kicked Ball (J.Sterling),Violation,Kicked Ball,0,0,145
0021700010,206,PT06M49.00S,2,1610612762,UTA,200757,Sefolosha,T. Sefolosha,0,0,0,,0,,,0,h,SUB: Hood FOR Sefolosha,Substitution,,0,0,146
0021700010,207,PT06M43.00S,2,1610612743,DEN,203115,Barton,W. Barton,22,24,3,Made,1,33,39,72,v,Barton 3' Driving Layup (17 PTS),Made Shot,Driving Layup Shot,1,2,147
0021700010,208,PT06M28.00S,2,1610612762,UTA,202324,Favors,D. Favors,230,27,0,Missed,1,,,0,h,MISS Favors 3PT Jump Shot,Missed Shot,Jump Shot,1,3,148
0021700010,209,PT06M24.00S,2,1610612743,DEN,203914,Harris,G. Harris,0,0,0,,0,,,0,v,Harris REBOUND (Off:0 Def:1),Rebound,Unknown,1,0,149
0021700010,210,PT06M15.00S,2,1610612743,DEN,200794,Millsap,P. Millsap,58,253,26,Made,1,33,42,75,v,Millsap 26' 3PT Jump Shot (8 PTS) (Barton 2 AST),Made Shot,Jump Shot,1,3,150
0021700010,212,PT05M58.00S,2,1610612762,UTA,203497,Gobert,R. Gobert,-14,15,2,Missed,1,,,0,h,MISS Gobert 2' Reverse Layup,Missed Shot,Reverse Layup Shot,1,2,151
0021700010,213,PT05M54.00S,2,1610612743,DEN,200794,Millsap,P. Millsap,0,0,0,,0,,,0,v,Millsap REBOUND (Off:0 Def:4),Rebound,Unknown,1,0,152
0021700010,214,PT05M53.00S,2,1610612743,DEN,202702,Faried,K. Faried,-4,35,4,Made,1,33,44,77,v,Faried 4' Dunk (2 PTS) (Millsap 1 AST),Made Shot,Dunk Shot,1,2,153
0021700010,216,PT05M51.00S,2,0,,1610612762,,,0,0,0,,0,,,0,h,JAZZ Timeout: Regular (Full 2 Short 0),Timeout,Regular,0,0,154
0021700010,219,PT05M51.00S,2,1610612762,UTA,202324,Favors,D. Favors,0,0,0,,0,,,0,h,SUB: Johnson FOR Favors,Substitution,,0,0,155
0021700010,220,PT05M51.00S,2,1610612743,DEN,202702,Faried,K. Faried,0,0,0,,0,,,0,v,SUB: Plumlee FOR Faried,Substitution,,0,0,156
0021700010,222,PT05M51.00S,2,1610612743,DEN,203115,Barton,W. Barton,0,0,0,,0,,,0,v,SUB: Chandler FOR Barton,Substitution,,0,0,157
0021700010,223,PT05M41.00S,2,1610612743,DEN,203486,Plumlee,M. Plumlee,0,0,0,,0,,,0,v,Nuggets T.Foul (Def. 3 Sec Plumlee ) (S.Foster),Foul,Defense 3 Second,1,0,158
0021700010,224,PT05M41.00S,2,1610612762,UTA,201937,Rubio,R. Rubio,0,0,0,,0,34,44,78,h,Rubio Free Throw Technical (3 PTS),Free Throw,Free Throw Technical,0,0,159
0021700010,225,PT05M34.00S,2,1610612762,UTA,204060,Ingles,J. Ingles,-228,13,0,Made,1,37,44,81,h,Ingles 3PT Jump Shot (9 PTS) (Rubio 1 AST),Made Shot,Jump Shot,1,3,160
0021700010,227,PT05M14.00S,2,1610612743,DEN,1627750,Murray,J. Murray,-74,239,25,Missed,1,,,0,v,MISS Murray 25' 3PT Jump Shot,Missed Shot,Jump Shot,1,3,161
0021700010,228,PT05M12.00S,2,1610612762,UTA,203497,Gobert,R. Gobert,0,0,0,,0,,,0,h,Gobert REBOUND (Off:0 Def:3),Rebound,Unknown,1,0,162
0021700010,229,PT05M06.00S,2,1610612762,UTA,203497,Gobert,R. Gobert,-8,29,3,Made,1,39,44,83,h,Gobert 3' Dunk (6 PTS) (Rubio 2 AST),Made Shot,Dunk Shot,1,2,163
0021700010,231,PT05M02.00S,2,1610612743,DEN,1627750,Murray,J. Murray,0,0,0,,0,,,0,v,Murray Traveling Turnover (P2.T7),Turnover,Traveling,0,0,164
0021700010,233,PT05M02.00S,2,1610612743,DEN,203486,Plumlee,M. Plumlee,0,0,0,,0,,,0,v,SUB: Jokic FOR Plumlee,Substitution,,0,0,165
0021700010,234,PT04M52.00S,2,1610612762,UTA,204060,Ingles,J. Ingles,-20,8,2,Made,1,41,44,85,h,Ingles 2' Layup (11 PTS) (Rubio 3 AST),Made Shot,Layup Shot,1,2,166
0021700010,236,PT04M52.00S,2,0,,1610612743,,,0,0,0,,0,,,0,v,Nuggets Timeout: Regular (Reg.3 Short 0),Timeout,Regular,0,0,167
0021700010,238,PT04M52.00S,2,1610612743,DEN,1627750,Murray,J. Murray,0,0,0,,0,,,0,v,SUB: Barton FOR Murray,Substitution,,0,0,168
0021700010,239,PT04M39.00S,2,1610612743,DEN,203999,Jokić,N. Jokić,-6,251,25,Missed,1,,,0,v,MISS Jokic 25' 3PT Jump Shot,Missed Shot,Jump Shot,1,3,169
0021700010,240,PT04M35.00S,2,1610612743,DEN,200794,Millsap,P. Millsap,0,0,0,,0,,,0,v,Millsap REBOUND (Off:1 Def:4),Rebound,Unknown,1,0,170
0021700010,241,PT04M32.00S,2,1610612762,UTA,2207,Johnson,J. Johnson,0,0,0,,0,,,0,h,Johnson S.FOUL (P1.T3) (J.Sterling),Foul,Shooting,1,0,171
0021700010,243,PT04M32.00S,2,1610612743,DEN,203115,Barton,W. Barton,0,0,0,,0,41,45,86,v,Barton Free Throw 1 of 2 (18 PTS),Free Throw,Free Throw 1 of 2,0,0,172
0021700010,244,PT04M32.00S,2,1610612743,DEN,203115,Barton,W. Barton,0,0,0,,0,41,46,87,v,Barton Free Throw 2 of 2 (19 PTS),Free Throw,Free Throw 2 of 2,0,0,173
0021700010,245,PT04M07.00S,2,1610612762,UTA,203497,Gobert,R. Gobert,0,0,0,,0,,,0,h,Gobert Offensive Goaltending Turnover (P1.T4),Turnover,Offensive Goaltending,1,0,174
0021700010,246,PT03M56.00S,2,1610612743,DEN,203115,Barton,W. Barton,35,125,13,Made,1,41,48,89,v,Barton 13' Pullup Jump Shot (21 PTS),Made Shot,Pullup Jump shot,1,2,175
0021700010,247,PT03M39.00S,2,1610612762,UTA,201937,Rubio,R. Rubio,-110,151,19,Made,1,43,48,91,h,Rubio 19' Jump Shot (5 PTS) (Gobert 1 AST),Made Shot,Jump Shot,1,2,176
0021700010,249,PT03M24.00S,2,1610612743,DEN,203999,Jokić,N. Jokić,224,98,24,Made,1,43,51,94,v,Jokic 24' 3PT Jump Shot (7 PTS) (Harris 2 AST),Made Shot,Jump Shot,1,3,177
0021700010,253,PT03M11.00S,2,1610612762,UTA,203918,Hood,R. Hood,0,0,0,,0,,,0,h,SUB: Mitchell FOR Hood,Substitution,,0,0,178
0021700010,254,PT03M01.00S,2,1610612762,UTA,1628378,Mitchell,D. Mitchell,36,259,26,Missed,1,,,0,h,MISS Mitchell 26' 3PT Jump Shot,Missed Shot,Jump Shot,1,3,179
0021700010,255,PT02M58.00S,2,1610612762,UTA,2207,Johnson,J. Johnson,0,0,0,,0,,,0,h,Johnson REBOUND (Off:1 Def:1),Rebound,Unknown,1,0,180
0021700010,256,PT02M57.00S,2,1610612762,UTA,2207,Johnson,J. Johnson,14,86,9,Missed,1,,,0,h,MISS Johnson 9' Dunk,Missed Shot,Dunk Shot,1,2,181
0021700010,257,PT02M57.00S,2,1610612762,UTA,203497,Gobert,R. Gobert,0,0,0,,0,,,0,h,Gobert REBOUND (Off:1 Def:3),Rebound,Unknown,1,0,182
0021700010,258,PT02M46.00S,2,1610612762,UTA,203497,Gobert,R. Gobert,4,20,2,Made,1,45,51,96,h,Gobert 2' Dunk (8 PTS) (Ingles 5 AST),Made Shot,Dunk Shot,1,2,183
0021700010,260,PT02M46.00S,2,0,,1610612762,,,0,0,0,,0,,,0,,Delay Of Game,Violation,Delay Of Game,0,0,184
0021700010,261,PT02M31.00S,2,1610612743,DEN,200794,Millsap,P. Millsap,45,77,9,Missed,1,,,0,v,MISS Millsap 9' Jump Shot,Missed Shot,Jump Shot,1,2,185
0021700010,262,PT02M28.00S,2,1610612762,UTA,2207,Johnson,J. Johnson,0,0,0,,0,,,0,h,Johnson REBOUND (Off:1 Def:2),Rebound,Unknown,1,0,186
0021700010,263,PT02M25.00S,2,1610612762,UTA,2207,Johnson,J. Johnson,0,0,0,,0,,,0,h,Johnson Bad Pass Turnover (P1.T5),Turnover,Bad Pass,1,0,187
0021700010,263,PT02M25.00S,2,1610612743,DEN,203914,Harris,G. Harris,0,0,0,,0,,,0,v,Harris STEAL (1 STL),,,1,0,188
0021700010,265,PT02M23.00S,2,1610612743,DEN,203914,Harris,G. Harris,7,16,2,Made,1,45,53,98,v,Harris 2' Jump Shot (8 PTS),Made Shot,Jump Shot,1,2,189
0021700010,266,PT02M17.00S,2,1610612762,UTA,201937,Rubio,R. Rubio,-230,84,24,Missed,1,,,0,h,MISS Rubio 24' 3PT Jump Shot,Missed Shot,Jump Shot,1,3,190
0021700010,267,PT02M17.00S,2,1610612743,DEN,203999,Jokić,N. Jokić,0,0,0,,0,,,0,v,Jokic REBOUND (Off:0 Def:6),Rebound,Unknown,1,0,191
0021700010,268,PT02M08.00S,2,1610612743,DEN,203115,Barton,W. Barton,25,115,12,Missed,1,,,0,v,MISS Barton 12' Jump Shot,Missed Shot,Jump Shot,1,2,192
0021700010,269,PT02M08.00S,2,1610612762,UTA,1628378,Mitchell,D. Mitchell,0,0,0,,0,,,0,h,Mitchell REBOUND (Off:0 Def:1),Rebound,Unknown,1,0,193
0021700010,270,PT01M56.00S,2,1610612762,UTA,1628378,Mitchell,D. Mitchell,16,21,3,Made,1,47,53,100,h,Mitchell 3' Driving Layup (6 PTS),Made Shot,Driving Layup Shot,1,2,194
0021700010,271,PT01M42.00S,2,1610612743,DEN,203914,Harris,G. Harris,-222,108,25,Made,1,47,56,103,v,Harris 25' 3PT Jump Shot (11 PTS) (Jokic 4 AST),Made Shot,Jump Shot,1,3,195
0021700010,273,PT01M20.00S,2,1610612762,UTA,201937,Rubio,R. Rubio,-49,244,25,Missed,1,,,0,h,MISS Rubio 25' 3PT Jump Shot,Missed Shot,Jump Shot,1,3,196
0021700010,274,PT01M18.00S,2,1610612743,DEN,203999,Jokić,N. Jokić,0,0,0,,0,,,0,v,Jokic REBOUND (Off:0 Def:7),Rebound,Unknown,1,0,197
0021700010,275,PT01M02.00S,2,1610612743,DEN,203115,Barton,W. Barton,0,0,0,,0,,,0,v,Barton Traveling Turnover (P1.T8),Turnover,Traveling,1,0,198
0021700010,277,PT01M02.00S,2,1610612743,DEN,200794,Millsap,P. Millsap,0,0,0,,0,,,0,v,SUB: Plumlee FOR Millsap,Substitution,,0,0,199
0021700010,278,PT00M51.20S,2,1610612762,UTA,203497,Gobert,R. Gobert,11,10,1,Made,1,49,56,105,h,Gobert 1' Cutting Layup Shot (10 PTS) (Ingles 6 AST),Made Shot,Cutting Layup Shot,1,2,200
0021700010,280,PT00M37.00S,2,1610612743,DEN,203486,Plumlee,M. Plumlee,-6,88,9,Missed,1,,,0,v,MISS Plumlee 9' Jump Shot,Missed Shot,Jump Shot,1,2,201
0021700010,280,PT00M37.00S,2,1610612762,UTA,203497,Gobert,R. Gobert,0,0,0,,0,,,0,h,Gobert BLOCK (1 BLK),,,1,2,202
0021700010,290,PT00M37.00S,2,1610612743,DEN,201163,Chandler,W. Chandler,0,0,0,,0,,,0,v,Chandler Lost Ball Turnover (P1.T9),Turnover,Lost Ball,1,0,203
0021700010,290,PT00M37.00S,2,1610612762,UTA,201937,Rubio,R. Rubio,0,0,0,,0,,,0,h,Rubio STEAL (1 STL),,,1,0,204
0021700010,282,PT00M31.30S,2,1610612743,DEN,201163,Chandler,W. Chandler,0,0,0,,0,,,0,v,Chandler REBOUND (Off:1 Def:0),Rebound,Unknown,1,0,205
0021700010,283,PT00M29.30S,2,1610612762,UTA,1628378,Mitchell,D. Mitchell,-17,17,2,Missed,1,,,0,h,MISS Mitchell 2' Layup,Missed Shot,Layup Shot,1,2,206
0021700010,284,PT00M29.30S,2,1610612743,DEN,203999,Jokić,N. Jokić,0,0,0,,0,,,0,v,Jokic REBOUND (Off:0 Def:8),Rebound,Unknown,1,0,207
0021700010,285,PT00M24.50S,2,1610612743,DEN,201163,Chandler,W. Chandler,0,34,3,Made,1,49,58,107,v,Chandler 3' Running Layup (7 PTS) (Jokic 5 AST),Made Shot,Running Layup Shot,1,2,208
0021700010,287,PT00M04.20S,2,1610612762,UTA,1628378,Mitchell,D. Mitchell,-79,206,22,Missed,1,,,0,h,MISS Mitchell 22' Jump Shot,Missed Shot,Jump Shot,1,2,209
0021700010,288,PT00M00.30S,2,1610612743,DEN,203115,Barton,W. Barton,0,0,0,,0,,,0,v,Barton REBOUND (Off:0 Def:4),Rebound,Unknown,1,0,210
0021700010,289,PT00M00.00S,2,0,,0,,,0,0,0,,0,49,58,107,,End of 2nd Period (10:06 PM EST),period,end,1,0,211
0021700010,300,PT12M00.00S,3,0,,0,,,0,0,0,,0,49,58,107,,Start of 3rd Period (10:21 PM EST),period,start,0,0,212
0021700010,301,PT11M51.00S,3,1610612743,DEN,200794,Millsap,P. Millsap,42,125,13,Made,1,49,60,109,v,Millsap 13' Pullup Jump Shot (10 PTS) (Murray 2 AST),Made Shot,Pullup Jump shot,0,2,213
0021700010,303,PT11M37.00S,3,1610612762,UTA,203497,Gobert,R. Gobert,0,0,0,,0,,,0,h,Gobert OFF.Foul (P2) (S.Foster),Foul,Offensive,1,0,214
0021700010,305,PT11M37.00S,3,1610612762,UTA,203497,Gobert,R. Gobert,0,0,0,,0,,,0,h,Gobert Offensive Foul Turnover (P2.T6),Turnover,Offensive Foul Turnover,1,0,215
0021700010,306,PT11M27.00S,3,1610612743,DEN,200794,Millsap,P. Millsap,-60,243,25,Missed,1,,,0,v,MISS Millsap 25' 3PT Jump Shot,Missed Shot,Jump Shot,1,3,216
0021700010,307,PT11M25.00S,3,1610612762,UTA,203918,Hood,R. Hood,0,0,0,,0,,,0,h,Hood REBOUND (Off:0 Def:1),Rebound,Unknown,1,0,217
0021700010,309,PT11M09.00S,3,1610612762,UTA,203497,Gobert,R. Gobert,0,0,0,,0,,,0,h,Jump Ball Gobert vs. Chandler: Tip to Jokic,Jump Ball,,0,0,218
0021700010,312,PT11M09.00S,3,1610612762,UTA,203497,Gobert,R. Gobert,0,0,0,,0,,,0,h,Gobert Lost Ball Turnover (P3.T7),Turnover,Lost Ball,1,0,219
0021700010,312,PT11M09.00S,3,1610612743,DEN,201163,Chandler,W. Chandler,0,0,0,,0,,,0,v,Chandler STEAL (1 STL),,,1,0,220
0021700010,314,PT11M00.00S,3,1610612743,DEN,203914,Harris,G. Harris,-35,95,10,Missed,1,,,0,v,MISS Harris 10' Floating Jump Shot,Missed Shot,Floating Jump shot,1,2,221
0021700010,315,PT10M56.00S,3,1610612743,DEN,203914,Harris,G. Harris,0,0,0,,0,,,0,v,Harris REBOUND (Off:1 Def:1),Rebound,Unknown,1,0,222
0021700010,316,PT10M53.00S,3,1610612743,DEN,1627750,Murray,J. Murray,163,189,25,Made,1,49,63,112,v,Murray 25' 3PT Jump Shot (3 PTS) (Harris 3 AST),Made Shot,Jump Shot,1,3,223
0021700010,318,PT10M32.00S,3,1610612762,UTA,202324,Favors,D. Favors,-13,16,2,Made,1,51,63,114,h,Favors 2' Layup (6 PTS) (Rubio 4 AST),Made Shot,Layup Shot,1,2,224
0021700010,320,PT10M23.00S,3,1610612762,UTA,201937,Rubio,R. Rubio,0,0,0,,0,,,0,h,Rubio Violation:Kicked Ball (S.Foster),Violation,Kicked Ball,0,0,225
0021700010,321,PT10M11.00S,3,1610612743,DEN,200794,Millsap,P. Millsap,-38,55,7,Made,1,51,65,116,v,Millsap 7' Driving Layup (12 PTS),Made Shot,Driving Layup Shot,1,2,226
0021700010,323,PT09M56.00S,3,1610612762,UTA,202324,Favors,D. Favors,-162,16,16,Made,1,53,65,118,h,Favors 16' Jump Shot (8 PTS) (Rubio 5 AST),Made Shot,Jump Shot,1,2,227
0021700010,325,PT09M36.00S,3,1610612743,DEN,1627750,Murray,J. Murray,91,86,13,Missed,1,,,0,v,MISS Murray 13' Driving Floating Bank Jump Shot,Missed Shot,Driving Floating Bank Jump Shot,1,2,228
0021700010,326,PT09M34.00S,3,1610612762,UTA,203918,Hood,R. Hood,0,0,0,,0,,,0,h,Hood REBOUND (Off:0 Def:2),Rebound,Unknown,1,0,229
0021700010,327,PT09M29.00S,3,1610612762,UTA,202324,Favors,D. Favors,0,0,0,,0,,,0,h,Favors Offensive Charge Foul (P2.T1) (L.Wood),Foul,Offensive Charge,1,0,230
0021700010,329,PT09M29.00S,3,1610612762,UTA,202324,Favors,D. Favors,0,0,0,,0,,,0,h,Favors Offensive Foul Turnover (P1.T8),Turnover,Offensive Foul Turnover,1,0,231
0021700010,330,PT09M16.00S,3,1610612743,DEN,200794,Millsap,P. Millsap,0,0,0,,0,,,0,v,Millsap Traveling Turnover (P3.T10),Turnover,Traveling,1,0,232
0021700010,331,PT09M03.00S,3,1610612762,UTA,202324,Favors,D. Favors,8,95,10,Missed,1,,,0,h,MISS Favors 10' Floating Jump Shot,Missed Shot,Floating Jump shot,1,2,233
0021700010,332,PT09M01.00S,3,1610612743,DEN,203914,Harris,G. Harris,0,0,0,,0,,,0,v,Harris REBOUND (Off:1 Def:2),Rebound,Unknown,1,0,234
0021700010,333,PT08M57.00S,3,1610612743,DEN,203914,Harris,G. Harris,0,85,9,Made,1,53,67,120,v,Harris 9' Floating Jump Shot (13 PTS),Made Shot,Floating Jump shot,1,2,235
0021700010,334,PT08M57.00S,3,1610612762,UTA,203918,Hood,R. Hood,0,0,0,,0,,,0,h,Hood S.FOUL (P1.T2) (J.Sterling),Foul,Shooting,1,0,236
0021700010,336,PT08M57.00S,3,1610612743,DEN,203914,Harris,G. Harris,0,0,0,,0,53,68,121,v,Harris Free Throw 1 of 1 (14 PTS),Free Throw,Free Throw 1 of 1,0,0,237
0021700010,337,PT08M47.00S,3,1610612762,UTA,201937,Rubio,R. Rubio,0,0,0,,0,,,0,h,Rubio Bad Pass Turnover (P2.T9),Turnover,Bad Pass,1,0,238
0021700010,337,PT08M47.00S,3,1610612743,DEN,201163,Chandler,W. Chandler,0,0,0,,0,,,0,v,Chandler STEAL (2 STL),,,1,0,239
0021700010,339,PT08M42.00S,3,1610612743,DEN,1627750,Murray,J. Murray,222,79,24,Missed,1,,,0,v,MISS Murray 24' 3PT Jump Shot,Missed Shot,Jump Shot,1,3,240
0021700010,340,PT08M38.00S,3,1610612762,UTA,201937,Rubio,R. Rubio,0,0,0,,0,,,0,h,Rubio REBOUND (Off:0 Def:3),Rebound,Unknown,1,0,241
0021700010,341,PT08M31.00S,3,1610612762,UTA,201937,Rubio,R. Rubio,-226,5,0,Missed,1,,,0,h,MISS Rubio 3PT Jump Shot,Missed Shot,Jump Shot,1,3,242
0021700010,342,PT08M27.00S,3,1610612743,DEN,203914,Harris,G. Harris,0,0,0,,0,,,0,v,Harris REBOUND (Off:1 Def:3),Rebound,Unknown,1,0,243
0021700010,343,PT08M22.00S,3,1610612743,DEN,201163,Chandler,W. Chandler,-20,21,3,Missed,1,,,0,v,MISS Chandler 3' Reverse Layup,Missed Shot,Reverse Layup Shot,1,2,244
0021700010,344,PT08M21.00S,3,1610612762,UTA,202324,Favors,D. Favors,0,0,0,,0,,,0,h,Favors REBOUND (Off:0 Def:4),Rebound,Unknown,1,0,245
0021700010,345,PT08M14.00S,3,1610612762,UTA,202324,Favors,D. Favors,5,19,2,Made,1,55,68,123,h,Favors 2' Dunk (10 PTS) (Rubio 6 AST),Made Shot,Dunk Shot,1,2,246
0021700010,347,PT07M58.00S,3,1610612762,UTA,202324,Favors,D. Favors,0,0,0,,0,,,0,h,Favors P.FOUL (P3.T3) (J.Sterling),Foul,Personal,1,0,247
0021700010,349,PT07M47.00S,3,1610612762,UTA,204060,Ingles,J. Ingles,0,0,0,,0,,,0,h,Ingles S.FOUL (P3.T4) (S.Foster),Foul,Shooting,1,0,248
0021700010,351,PT07M47.00S,3,1610612743,DEN,1627750,Murray,J. Murray,0,0,0,,0,55,69,124,v,Murray Free Throw 1 of 2 (4 PTS),Free Throw,Free Throw 1 of 2,0,0,249
0021700010,352,PT07M47.00S,3,1610612743,DEN,1627750,Murray,J. Murray,0,0,0,,0,55,70,125,v,Murray Free Throw 2 of 2 (5 PTS),Free Throw,Free Throw 2 of 2,0,0,250
0021700010,353,PT07M36.00S,3,1610612762,UTA,202324,Favors,D. Favors,1,136,14,Made,1,57,70,127,h,Favors 14' Jump Shot (12 PTS) (Rubio 7 AST),Made Shot,Jump Shot,1,2,251
0021700010,355,PT07M22.00S,3,1610612743,DEN,200794,Millsap,P. Millsap,0,0,0,,0,,,0,v,Millsap Traveling Turnover (P4.T11),Turnover,Traveling,1,0,252
0021700010,363,PT07M06.00S,3,1610612743,DEN,1627750,Murray,J. Murray,0,0,0,,0,,,0,v,Murray P.FOUL (P1.T1) (L.Wood),Foul,Personal,1,0,253
0021700010,360,PT06M57.00S,3,1610612762,UTA,203918,Hood,R. Hood,-145,204,25,Made,1,60,70,130,h,Hood 25' 3PT Jump Shot (6 PTS) (Favors 1 AST),Made Shot,Jump Shot,1,3,254
0021700010,362,PT06M57.00S,3,0,,1610612743,,,0,0,0,,0,,,0,v,Nuggets Timeout: Regular (Reg.4 Short 0),Timeout,Regular,0,0,255
0021700010,366,PT06M41.00S,3,1610612743,DEN,1627750,Murray,J. Murray,129,214,25,Made,1,60,73,133,v,Murray 25' 3PT Jump Shot (8 PTS) (Chandler 1 AST),Made Shot,Jump Shot,1,3,256
0021700010,368,PT06M25.00S,3,1610612743,DEN,201163,Chandler,W. Chandler,0,0,0,,0,,,0,v,Chandler S.FOUL (P1.T2) (J.Sterling),Foul,Shooting,1,0,257
0021700010,370,PT06M25.00S,3,1610612762,UTA,203497,Gobert,R. Gobert,0,0,0,,0,61,73,134,h,Gobert Free Throw 1 of 2 (11 PTS),Free Throw,Free Throw 1 of 2,0,0,258
0021700010,371,PT06M25.00S,3,1610612762,UTA,203497,Gobert,R. Gobert,0,0,0,,0,62,73,135,h,Gobert Free Throw 2 of 2 (12 PTS),Free Throw,Free Throw 2 of 2,0,0,259
0021700010,372,PT06M13.00S,3,1610612743,DEN,200794,Millsap,P. Millsap,20,16,3,Made,1,62,75,137,v,Millsap 3' Dunk (14 PTS) (Jokic 6 AST),Made Shot,Dunk Shot,1,2,260
0021700010,374,PT05M57.00S,3,1610612762,UTA,203497,Gobert,R. Gobert,-16,6,2,Made,1,64,75,139,h,Gobert 2' Reverse Layup (14 PTS) (Rubio 8 AST),Made Shot,Reverse Layup Shot,1,2,261
0021700010,376,PT05M40.00S,3,1610612743,DEN,200794,Millsap,P. Millsap,-7,22,2,Missed,1,,,0,v,MISS Millsap 2' Layup,Missed Shot,Layup Shot,1,2,262
0021700010,377,PT05M37.00S,3,1610612762,UTA,203497,Gobert,R. Gobert,0,0,0,,0,,,0,h,Gobert REBOUND (Off:1 Def:4),Rebound,Unknown,1,0,263
0021700010,378,PT05M19.00S,3,1610612762,UTA,203497,Gobert,R. Gobert,-5,17,2,Made,1,66,75,141,h,Gobert 2' Reverse Dunk (16 PTS) (Favors 2 AST),Made Shot,Reverse Dunk Shot,1,2,264
0021700010,380,PT04M57.00S,3,1610612743,DEN,201163,Chandler,W. Chandler,-116,173,21,Made,1,66,77,143,v,Chandler 21' Jump Shot (9 PTS),Made Shot,Jump Shot,1,2,265
0021700010,381,PT04M39.00S,3,1610612762,UTA,204060,Ingles,J. Ingles,-117,230,26,Missed,1,,,0,h,MISS Ingles 26' 3PT Jump Shot,Missed Shot,Jump Shot,1,3,266
0021700010,382,PT04M38.00S,3,1610612743,DEN,203999,Jokić,N. Jokić,0,0,0,,0,,,0,v,Jokic REBOUND (Off:0 Def:9),Rebound,Unknown,1,0,267
0021700010,383,PT04M29.00S,3,1610612743,DEN,201163,Chandler,W. Chandler,-5,133,13,Missed,1,,,0,v,MISS Chandler 13' Floating Jump Shot,Missed Shot,Floating Jump shot,1,2,268
0021700010,384,PT04M27.00S,3,1610612762,UTA,204060,Ingles,J. Ingles,0,0,0,,0,,,0,h,Ingles REBOUND (Off:0 Def:3),Rebound,Unknown,1,0,269
0021700010,385,PT04M21.00S,3,1610612762,UTA,201937,Rubio,R. Rubio,-236,67,25,Made,1,69,77,146,h,Rubio 25' 3PT Jump Shot (8 PTS) (Favors 3 AST),Made Shot,Jump Shot,1,3,270
0021700010,387,PT03M54.00S,3,1610612743,DEN,200794,Millsap,P. Millsap,-40,42,6,Made,1,69,79,148,v,Millsap 6' Driving Floating Bank Jump Shot (16 PTS) (Jokic 7 AST),Made Shot,Driving Floating Bank Jump Shot,1,2,271
0021700010,389,PT03M54.00S,3,0,,1610612762,,,0,0,0,,0,,,0,h,JAZZ Timeout: Regular (Full 3 Short 0),Timeout,Regular,0,0,272
0021700010,396,PT03M54.00S,3,1610612762,UTA,204060,Ingles,J. Ingles,0,0,0,,0,,,0,h,SUB: Burks FOR Ingles,Substitution,,0,0,273
0021700010,397,PT03M54.00S,3,1610612762,UTA,203918,Hood,R. Hood,0,0,0,,0,,,0,h,SUB: Mitchell FOR Hood,Substitution,,0,0,274
0021700010,398,PT03M54.00S,3,1610612762,UTA,202324,Favors,D. Favors,0,0,0,,0,,,0,h,SUB: Johnson FOR Favors,Substitution,,0,0,275
0021700010,399,PT03M54.00S,3,1610612743,DEN,203999,Jokić,N. Jokić,0,0,0,,0,,,0,v,SUB: Plumlee FOR Jokic,Substitution,,0,0,276
0021700010,400,PT03M54.00S,3,1610612743,DEN,201163,Chandler,W. Chandler,0,0,0,,0,,,0,v,SUB: Mudiay FOR Chandler,Substitution,,0,0,277
0021700010,401,PT03M54.00S,3,1610612743,DEN,1627750,Murray,J. Murray,0,0,0,,0,,,0,v,SUB: Barton FOR Murray,Substitution,,0,0,278
0021700010,402,PT03M45.00S,3,1610612762,UTA,2207,Johnson,J. Johnson,-182,166,25,Missed,1,,,0,h,MISS Johnson 25' 3PT Jump Shot,Missed Shot,Jump Shot,1,3,279
0021700010,403,PT03M41.00S,3,1610612743,DEN,203914,Harris,G. Harris,0,0,0,,0,,,0,v,Harris REBOUND (Off:1 Def:4),Rebound,Unknown,1,0,280
0021700010,404,PT03M20.00S,3,1610612743,DEN,203914,Harris,G. Harris,-40,126,13,Missed,1,,,0,v,MISS Harris 13' Floating Jump Shot,Missed Shot,Floating Jump shot,1,2,281
0021700010,405,PT03M19.00S,3,0,,1610612762,,,0,0,0,,0,,,0,h,JAZZ Rebound,Rebound,Unknown,0,0,282
0021700010,407,PT03M19.00S,3,1610612762,UTA,201937,Rubio,R. Rubio,0,0,0,,0,,,0,h,SUB: Sefolosha FOR Rubio,Substitution,,0,0,283
0021700010,408,PT03M05.00S,3,1610612762,UTA,1628378,Mitchell,D. Mitchell,0,0,0,,0,,,0,h,Mitchell Traveling Turnover (P2.T10),Turnover,Traveling,1,0,284
0021700010,409,PT02M46.00S,3,1610612743,DEN,203486,Plumlee,M. Plumlee,-1,6,1,Made,1,69,81,150,v,Plumlee 1' Dunk (4 PTS) (Mudiay 2 AST),Made Shot,Dunk Shot,1,2,285
0021700010,411,PT02M32.00S,3,1610612762,UTA,202692,Burks,A. Burks,-4,36,4,Missed,1,,,0,h,MISS Burks 4' Driving Layup,Missed Shot,Driving Layup Shot,1,2,286
0021700010,412,PT02M30.00S,3,1610612762,UTA,2207,Johnson,J. Johnson,0,0,0,,0,,,0,h,Johnson REBOUND (Off:2 Def:2),Rebound,Unknown,1,0,287
0021700010,413,PT02M21.00S,3,1610612762,UTA,202692,Burks,A. Burks,49,148,16,Made,1,71,81,152,h,Burks 16' Pullup Jump Shot (6 PTS),Made Shot,Pullup Jump shot,1,2,288
0021700010,414,PT02M05.00S,3,1610612743,DEN,200794,Millsap,P. Millsap,109,227,25,Missed,1,,,0,v,MISS Millsap 25' 3PT Jump Shot,Missed Shot,Jump Shot,1,3,289
0021700010,415,PT02M04.00S,3,1610612762,UTA,203497,Gobert,R. Gobert,0,0,0,,0,,,0,h,Gobert REBOUND (Off:1 Def:5),Rebound,Unknown,1,0,290
0021700010,416,PT01M52.00S,3,1610612762,UTA,1628378,Mitchell,D. Mitchell,0,0,0,,0,,,0,h,Mitchell Traveling Turnover (P3.T11),Turnover,Traveling,1,0,291
0021700010,419,PT01M52.00S,3,1610612762,UTA,203497,Gobert,R. Gobert,0,0,0,,0,,,0,h,SUB: Udoh FOR Gobert,Substitution,,0,0,292
0021700010,420,PT01M52.00S,3,1610612743,DEN,200794,Millsap,P. Millsap,0,0,0,,0,,,0,v,SUB: Chandler FOR Millsap,Substitution,,0,0,293
0021700010,421,PT01M38.00S,3,1610612743,DEN,203115,Barton,W. Barton,-16,41,4,Missed,1,,,0,v,MISS Barton 4' Hook Shot,Missed Shot,Hook Shot,1,2,294
0021700010,422,PT01M38.00S,3,0,,1610612762,,,0,0,0,,0,,,0,h,JAZZ Rebound,Rebound,Unknown,0,0,295
0021700010,423,PT01M38.00S,3,1610612743,DEN,203486,Plumlee,M. Plumlee,0,0,0,,0,,,0,v,Plumlee L.B.FOUL (P2.T3) (J.Sterling),Foul,Loose Ball,1,0,296
0021700010,426,PT01M19.00S,3,1610612762,UTA,2207,Johnson,J. Johnson,-67,64,9,Made,1,73,81,154,h,Johnson 9' Fadeaway Jumper (6 PTS),Made Shot,Fadeaway Jump Shot,1,2,297
0021700010,427,PT01M00.00S,3,1610612743,DEN,1626144,Mudiay,E. Mudiay,-12,21,2,Made,1,73,83,156,v,Mudiay 2' Layup (2 PTS) (Plumlee 2 AST),Made Shot,Layup Shot,1,2,298
0021700010,429,PT00M44.20S,3,1610612762,UTA,1628378,Mitchell,D. Mitchell,-16,15,2,Missed,1,,,0,h,MISS Mitchell 2' Layup,Missed Shot,Layup Shot,1,2,299
0021700010,429,PT00M44.20S,3,1610612743,DEN,203486,Plumlee,M. Plumlee,0,0,0,,0,,,0,v,Plumlee BLOCK (1 BLK),,,1,2,300
0021700010,431,PT00M44.20S,3,0,,1610612762,,,0,0,0,,0,,,0,h,JAZZ Rebound,Rebound,Unknown,0,0,301
0021700010,433,PT00M40.20S,3,1610612743,DEN,203486,Plumlee,M. Plumlee,0,0,0,,0,,,0,v,Plumlee S.FOUL (P3.PN) (S.Foster),Foul,Shooting,1,0,302
0021700010,435,PT00M40.20S,3,1610612762,UTA,202327,Udoh,E. Udoh,0,0,0,,0,74,83,157,h,Udoh Free Throw 1 of 2 (1 PTS),Free Throw,Free Throw 1 of 2,0,0,303
0021700010,436,PT00M40.20S,3,1610612762,UTA,202327,Udoh,E. Udoh,0,0,0,,0,75,83,158,h,Udoh Free Throw 2 of 2 (2 PTS),Free Throw,Free Throw 2 of 2,0,0,304
0021700010,437,PT00M31.20S,3,1610612743,DEN,203486,Plumlee,M. Plumlee,18,17,2,Missed,1,,,0,v,MISS Plumlee 2' Alley Oop Dunk,Missed Shot,Alley Oop Dunk Shot,1,2,305
0021700010,438,PT00M28.60S,3,1610612762,UTA,200757,Sefolosha,T. Sefolosha,0,0,0,,0,,,0,h,Sefolosha REBOUND (Off:0 Def:2),Rebound,Unknown,1,0,306
0021700010,439,PT00M22.20S,3,1610612762,UTA,200757,Sefolosha,T. Sefolosha,-22,248,25,Missed,1,,,0,h,MISS Sefolosha 25' 3PT Jump Shot,Missed Shot,Jump Shot,1,3,307
0021700010,440,PT00M18.80S,3,1610612762,UTA,202327,Udoh,E. Udoh,0,0,0,,0,,,0,h,Udoh REBOUND (Off:1 Def:0),Rebound,Unknown,1,0,308
0021700010,441,PT00M03.00S,3,1610612762,UTA,1628378,Mitchell,D. Mitchell,0,19,2,Missed,1,,,0,h,MISS Mitchell 2' Layup,Missed Shot,Layup Shot,1,2,309
0021700010,441,PT00M03.00S,3,1610612743,DEN,201163,Chandler,W. Chandler,0,0,0,,0,,,0,v,Chandler BLOCK (1 BLK),,,1,2,310
0021700010,442,PT00M02.50S,3,0,,1610612762,,,0,0,0,,0,,,0,h,JAZZ Rebound,Rebound,Unknown,0,0,311
0021700010,445,PT00M00.00S,3,1610612762,UTA,2207,Johnson,J. Johnson,-154,192,25,Made,1,78,83,161,h,Johnson 25' 3PT Jump Bank Shot (9 PTS) (Mitchell 2 AST),Made Shot,Jump Bank Shot,1,3,312
0021700010,447,PT00M00.00S,3,0,,445,Person,W. Person,0,0,0,,0,78,83,161,,Instant Replay3rd Period (10:47 PM EST),Instant Replay,Support Ruling,0,0,313
0021700010,448,PT00M00.00S,3,0,,0,,,0,0,0,,0,78,83,161,,End of 3rd Period (10:48 PM EST),period,end,1,0,314
0021700010,451,PT12M00.00S,4,0,,0,,,0,0,0,,0,78,83,161,,Start of 4th Period (10:50 PM EST),period,start,0,0,315
0021700010,452,PT11M39.00S,4,1610612762,UTA,202692,Burks,A. Burks,-9,10,1,Made,1,80,83,163,h,Burks 1' Driving Dunk (8 PTS) (Johnson 1 AST),Made Shot,Driving Dunk Shot,1,2,316
0021700010,454,PT11M29.00S,4,1610612743,DEN,203486,Plumlee,M. Plumlee,0,0,0,,0,,,0,v,Plumlee OFF.Foul (P4) (S.Foster),Foul,Offensive,1,0,317
0021700010,456,PT11M29.00S,4,1610612743,DEN,203486,Plumlee,M. Plumlee,0,0,0,,0,,,0,v,Plumlee Offensive Foul Turnover (P1.T12),Turnover,Offensive Foul Turnover,1,0,318
0021700010,458,PT11M18.00S,4,0,,1610612743,,,0,0,0,,0,,,0,v,Nuggets Timeout: Regular (Reg.5 Short 0),Timeout,Regular,0,0,319
0021700010,457,PT11M17.00S,4,1610612762,UTA,2207,Johnson,J. Johnson,-8,20,2,Made,1,82,83,165,h,Johnson 2' Driving Finger Roll Layup (11 PTS),Made Shot,Driving Finger Roll Layup Shot,1,2,320
0021700010,459,PT11M09.00S,4,1610612762,UTA,1628378,Mitchell,D. Mitchell,0,0,0,,0,,,0,h,Mitchell P.FOUL (P1.T1) (L.Wood),Foul,Personal,1,0,321
0021700010,461,PT11M00.00S,4,1610612762,UTA,2207,Johnson,J. Johnson,0,0,0,,0,,,0,h,Johnson P.FOUL (P2.T2) (L.Wood),Foul,Personal,1,0,322
0021700010,463,PT10M48.00S,4,1610612743,DEN,201163,Chandler,W. Chandler,29,123,13,Missed,1,,,0,v,MISS Chandler 13' Fadeaway Jumper,Missed Shot,Fadeaway Jump Shot,1,2,323
0021700010,464,PT10M45.00S,4,1610612743,DEN,203486,Plumlee,M. Plumlee,0,0,0,,0,,,0,v,Plumlee REBOUND (Off:1 Def:1),Rebound,Unknown,1,0,324
0021700010,465,PT10M44.00S,4,1610612743,DEN,203486,Plumlee,M. Plumlee,4,18,2,Made,1,82,85,167,v,Plumlee 2' Dunk (6 PTS),Made Shot,Dunk Shot,1,2,325
0021700010,466,PT10M25.00S,4,1610612743,DEN,201163,Chandler,W. Chandler,0,0,0,,0,,,0,v,Chandler S.FOUL (P2.T1) (S.Foster),Foul,Shooting,1,0,326
0021700010,468,PT10M25.00S,4,1610612762,UTA,2207,Johnson,J. Johnson,0,0,0,,0,83,85,168,h,Johnson Free Throw 1 of 2 (12 PTS),Free Throw,Free Throw 1 of 2,0,0,327
0021700010,469,PT10M25.00S,4,1610612762,UTA,2207,Johnson,J. Johnson,0,0,0,,0,84,85,169,h,Johnson Free Throw 2 of 2 (13 PTS),Free Throw,Free Throw 2 of 2,0,0,328
0021700010,470,PT10M09.00S,4,1610612743,DEN,203999,Jokić,N. Jokić,-68,41,8,Missed,1,,,0,v,MISS Jokic 8' Jump Shot,Missed Shot,Jump Shot,1,2,329
0021700010,471,PT10M06.00S,4,1610612762,UTA,202692,Burks,A. Burks,0,0,0,,0,,,0,h,Burks REBOUND (Off:0 Def:1),Rebound,Unknown,1,0,330
0021700010,472,PT09M59.00S,4,1610612762,UTA,202692,Burks,A. Burks,52,243,25,Made,1,87,85,172,h,Burks 25' 3PT Jump Shot (11 PTS),Made Shot,Jump Shot,1,3,331
0021700010,473,PT09M41.00S,4,1610612743,DEN,203999,Jokić,N. Jokić,0,0,0,,0,,,0,v,Jokic Lost Ball Turnover (P2.T13),Turnover,Lost Ball,1,0,332
0021700010,473,PT09M41.00S,4,1610612762,UTA,2207,Johnson,J. Johnson,0,0,0,,0,,,0,h,Johnson STEAL (1 STL),,,1,0,333
0021700010,475,PT09M35.00S,4,1610612762,UTA,1628378,Mitchell,D. Mitchell,16,16,2,Made,1,89,85,174,h,Mitchell 2' Layup (8 PTS) (Sefolosha 2 AST),Made Shot,Layup Shot,1,2,334
0021700010,477,PT09M28.00S,4,1610612762,UTA,2207,Johnson,J. Johnson,0,0,0,,0,,,0,h,Johnson P.FOUL (P3.T3) (S.Foster),Foul,Personal,1,0,335
0021700010,481,PT09M28.00S,4,1610612762,UTA,2207,Johnson,J. Johnson,0,0,0,,0,,,0,h,SUB: Favors FOR Johnson,Substitution,,0,0,336
0021700010,482,PT09M28.00S,4,1610612743,DEN,203486,Plumlee,M. Plumlee,0,0,0,,0,,,0,v,SUB: Millsap FOR Plumlee,Substitution,,0,0,337
0021700010,483,PT09M13.00S,4,1610612743,DEN,203999,Jokić,N. Jokić,0,0,0,,0,,,0,v,Jokic Out of Bounds - Bad Pass Turnover Turnover (P3.T14),Turnover,Out of Bounds - Bad Pass Turnover,1,0,338
0021700010,484,PT09M05.00S,4,1610612762,UTA,202692,Burks,A. Burks,-109,239,26,Made,1,92,85,177,h,Burks 26' 3PT Jump Shot (14 PTS) (Mitchell 3 AST),Made Shot,Jump Shot,1,3,339
0021700010,486,PT08M52.00S,4,1610612743,DEN,1626144,Mudiay,E. Mudiay,26,18,3,Missed,1,,,0,v,MISS Mudiay 3' Driving Layup,Missed Shot,Driving Layup Shot,1,2,340
0021700010,486,PT08M52.00S,4,1610612762,UTA,202327,Udoh,E. Udoh,0,0,0,,0,,,0,h,Udoh BLOCK (3 BLK),,,1,2,341
0021700010,488,PT08M50.00S,4,1610612762,UTA,202327,Udoh,E. Udoh,0,0,0,,0,,,0,h,Udoh REBOUND (Off:1 Def:1),Rebound,Unknown,1,0,342
0021700010,489,PT08M45.00S,4,1610612762,UTA,202692,Burks,A. Burks,-18,6,2,Made,1,94,85,179,h,Burks 2' Driving Reverse Layup (16 PTS) (Mitchell 4 AST),Made Shot,Driving Reverse Layup Shot,1,2,343
0021700010,491,PT08M45.00S,4,0,,1610612743,,,0,0,0,,0,,,0,v,Nuggets Timeout: Regular (Reg.6 Short 0),Timeout,Regular,0,0,344
0021700010,495,PT08M45.00S,4,1610612743,DEN,1626144,Mudiay,E. Mudiay,0,0,0,,0,,,0,v,SUB: Harris FOR Mudiay,Substitution,,0,0,345
0021700010,496,PT08M28.00S,4,1610612762,UTA,202324,Favors,D. Favors,0,0,0,,0,,,0,h,Favors S.FOUL (P4.T4) (S.Foster),Foul,Shooting,1,0,346
0021700010,498,PT08M28.00S,4,1610612743,DEN,200794,Millsap,P. Millsap,0,0,0,,0,,,0,v,MISS Millsap Free Throw 1 of 2,Free Throw,Free Throw 1 of 2,0,0,347
0021700010,499,PT08M28.00S,4,0,,1610612743,,,0,0,0,,0,,,0,v,Nuggets Rebound,Rebound,Normal Rebound,0,0,348
0021700010,500,PT08M28.00S,4,1610612743,DEN,200794,Millsap,P. Millsap,0,0,0,,0,94,86,180,v,Millsap Free Throw 2 of 2 (17 PTS),Free Throw,Free Throw 2 of 2,0,0,349
0021700010,501,PT08M04.00S,4,1610612762,UTA,202327,Udoh,E. Udoh,-84,66,11,Missed,1,,,0,h,MISS Udoh 11' Fadeaway Jumper,Missed Shot,Fadeaway Jump Shot,1,2,350
0021700010,502,PT08M01.00S,4,1610612743,DEN,203115,Barton,W. Barton,0,0,0,,0,,,0,v,Barton REBOUND (Off:0 Def:5),Rebound,Unknown,1,0,351
0021700010,503,PT07M55.00S,4,1610612743,DEN,203115,Barton,W. Barton,-47,80,9,Missed,1,,,0,v,MISS Barton 9' Floating Jump Shot,Missed Shot,Floating Jump shot,1,2,352
0021700010,504,PT07M53.00S,4,1610612743,DEN,203115,Barton,W. Barton,0,0,0,,0,,,0,v,Barton REBOUND (Off:1 Def:5),Rebound,Unknown,1,0,353
0021700010,505,PT07M52.00S,4,1610612743,DEN,203115,Barton,W. Barton,0,0,0,,0,,,0,v,Barton Lost Ball Turnover (P2.T15),Turnover,Lost Ball,1,0,354
0021700010,505,PT07M52.00S,4,1610612762,UTA,200757,Sefolosha,T. Sefolosha,0,0,0,,0,,,0,h,Sefolosha STEAL (1 STL),,,1,0,355
0021700010,507,PT07M33.00S,4,1610612743,DEN,203115,Barton,W. Barton,0,0,0,,0,,,0,v,Barton S.FOUL (P2.T2) (L.Wood),Foul,Shooting,1,0,356
0021700010,509,PT07M33.00S,4,1610612762,UTA,1628378,Mitchell,D. Mitchell,0,0,0,,0,95,86,181,h,Mitchell Free Throw 1 of 2 (9 PTS),Free Throw,Free Throw 1 of 2,0,0,357
0021700010,512,PT07M33.00S,4,1610612762,UTA,202327,Udoh,E. Udoh,0,0,0,,0,,,0,h,SUB: Gobert FOR Udoh,Substitution,,0,0,358
0021700010,513,PT07M33.00S,4,1610612743,DEN,203999,Jokić,N. Jokić,0,0,0,,0,,,0,v,SUB: Plumlee FOR Jokic,Substitution,,0,0,359
0021700010,514,PT07M33.00S,4,1610612762,UTA,1628378,Mitchell,D. Mitchell,0,0,0,,0,96,86,182,h,Mitchell Free Throw 2 of 2 (10 PTS),Free Throw,Free Throw 2 of 2,0,0,360
0021700010,515,PT07M21.00S,4,1610612743,DEN,203115,Barton,W. Barton,13,38,4,Missed,1,,,0,v,MISS Barton 4' Driving Layup,Missed Shot,Driving Layup Shot,1,2,361
0021700010,516,PT07M18.00S,4,1610612762,UTA,203497,Gobert,R. Gobert,0,0,0,,0,,,0,h,Gobert REBOUND (Off:1 Def:6),Rebound,Unknown,1,0,362
0021700010,517,PT07M03.00S,4,1610612762,UTA,200757,Sefolosha,T. Sefolosha,-222,-7,0,Missed,1,,,0,h,MISS Sefolosha 3PT Jump Shot,Missed Shot,Jump Shot,1,3,363
0021700010,518,PT07M01.00S,4,1610612762,UTA,203497,Gobert,R. Gobert,0,0,0,,0,,,0,h,Gobert REBOUND (Off:2 Def:6),Rebound,Unknown,1,0,364
0021700010,519,PT07M00.00S,4,1610612743,DEN,203486,Plumlee,M. Plumlee,0,0,0,,0,,,0,v,Plumlee S.FOUL (P5.T3) (J.Sterling),Foul,Shooting,1,0,365
0021700010,521,PT07M00.00S,4,1610612762,UTA,203497,Gobert,R. Gobert,0,0,0,,0,97,86,183,h,Gobert Free Throw 1 of 2 (17 PTS),Free Throw,Free Throw 1 of 2,0,0,366
0021700010,525,PT07M00.00S,4,1610612762,UTA,202692,Burks,A. Burks,0,0,0,,0,,,0,h,SUB: Rubio FOR Burks,Substitution,,0,0,367
0021700010,526,PT07M00.00S,4,1610612762,UTA,1628378,Mitchell,D. Mitchell,0,0,0,,0,,,0,h,SUB: Ingles FOR Mitchell,Substitution,,0,0,368
0021700010,527,PT07M00.00S,4,1610612743,DEN,201163,Chandler,W. Chandler,0,0,0,,0,,,0,v,SUB: Murray FOR Chandler,Substitution,,0,0,369
0021700010,528,PT07M00.00S,4,1610612762,UTA,203497,Gobert,R. Gobert,0,0,0,,0,98,86,184,h,Gobert Free Throw 2 of 2 (18 PTS),Free Throw,Free Throw 2 of 2,0,0,370
0021700010,529,PT06M44.00S,4,1610612743,DEN,203914,Harris,G. Harris,0,0,0,,0,,,0,v,Harris Step Out of Bounds Turnover (P1.T16),Turnover,Step Out of Bounds Turnover,1,0,371
0021700010,530,PT06M35.00S,4,1610612762,UTA,203497,Gobert,R. Gobert,0,0,0,,0,,,0,h,Gobert Offensive Charge Foul (P3.PN) (S.Foster),Foul,Offensive Charge,1,0,372
0021700010,532,PT06M35.00S,4,1610612762,UTA,203497,Gobert,R. Gobert,0,0,0,,0,,,0,h,Gobert Offensive Foul Turnover (P4.T12),Turnover,Offensive Foul Turnover,1,0,373
0021700010,533,PT06M22.00S,4,1610612743,DEN,203115,Barton,W. Barton,226,76,24,Missed,1,,,0,v,MISS Barton 24' 3PT Jump Shot,Missed Shot,Jump Shot,1,3,374
0021700010,534,PT06M19.00S,4,1610612762,UTA,204060,Ingles,J. Ingles,0,0,0,,0,,,0,h,Ingles REBOUND (Off:0 Def:4),Rebound,Unknown,1,0,375
0021700010,535,PT06M14.00S,4,1610612743,DEN,203914,Harris,G. Harris,0,0,0,,0,,,0,v,Harris P.FOUL (P1.T4) (S.Foster),Foul,Personal,1,0,376
0021700010,537,PT06M14.00S,4,0,,1610612762,,,0,0,0,,0,,,0,h,JAZZ Timeout: Regular (Full 4 Short 0),Timeout,Regular,0,0,377
0021700010,539,PT06M08.00S,4,1610612762,UTA,203497,Gobert,R. Gobert,0,0,0,,0,,,0,h,Gobert OFF.Foul (P4) (S.Foster),Foul,Offensive,1,0,378
0021700010,541,PT06M08.00S,4,1610612762,UTA,203497,Gobert,R. Gobert,0,0,0,,0,,,0,h,Gobert Offensive Foul Turnover (P5.T13),Turnover,Offensive Foul Turnover,1,0,379
0021700010,542,PT05M52.00S,4,1610612743,DEN,1627750,Murray,J. Murray,0,0,0,,0,,,0,v,Murray OFF.Foul (P2) (S.Foster),Foul,Offensive,1,0,380
0021700010,544,PT05M52.00S,4,1610612743,DEN,1627750,Murray,J. Murray,0,0,0,,0,,,0,v,Murray Offensive Foul Turnover (P3.T17),Turnover,Offensive Foul Turnover,1,0,381
0021700010,547,PT05M52.00S,4,1610612743,DEN,203486,Plumlee,M. Plumlee,0,0,0,,0,,,0,v,SUB: Jokic FOR Plumlee,Substitution,,0,0,382
0021700010,548,PT05M52.00S,4,1610612743,DEN,1627750,Murray,J. Murray,0,0,0,,0,,,0,v,SUB: Chandler FOR Murray,Substitution,,0,0,383
0021700010,549,PT05M35.00S,4,1610612762,UTA,202324,Favors,D. Favors,32,156,16,Made,1,100,86,186,h,Favors 16' Jump Shot (14 PTS) (Rubio 9 AST),Made Shot,Jump Shot,1,2,384
0021700010,551,PT05M24.00S,4,1610612743,DEN,200794,Millsap,P. Millsap,109,155,19,Made,1,100,88,188,v,Millsap 19' Step Back Jump Shot (19 PTS),Made Shot,Step Back Jump shot,1,2,385
0021700010,552,PT05M09.00S,4,1610612743,DEN,200794,Millsap,P. Millsap,0,0,0,,0,,,0,v,Millsap P.FOUL (P3.PN) (S.Foster),Foul,Personal,1,0,386
0021700010,554,PT05M09.00S,4,1610612762,UTA,201937,Rubio,R. Rubio,0,0,0,,0,,,0,h,MISS Rubio Free Throw 1 of 2,Free Throw,Free Throw 1 of 2,0,0,387
0021700010,555,PT05M09.00S,4,0,,1610612762,,,0,0,0,,0,,,0,h,JAZZ Rebound,Rebound,Normal Rebound,0,0,388
0021700010,556,PT05M09.00S,4,1610612762,UTA,201937,Rubio,R. Rubio,0,0,0,,0,101,88,189,h,Rubio Free Throw 2 of 2 (9 PTS),Free Throw,Free Throw 2 of 2,0,0,389
0021700010,557,PT04M58.00S,4,1610612743,DEN,203999,Jokić,N. Jokić,-67,248,26,Missed,1,,,0,v,MISS Jokic 26' 3PT Jump Shot,Missed Shot,Jump Shot,1,3,390
0021700010,558,PT04M53.00S,4,1610612762,UTA,204060,Ingles,J. Ingles,0,0,0,,0,,,0,h,Ingles REBOUND (Off:0 Def:5),Rebound,Unknown,1,0,391
0021700010,559,PT04M31.00S,4,1610612762,UTA,201937,Rubio,R. Rubio,-79,30,8,Missed,1,,,0,h,MISS Rubio 8' Jump Shot,Missed Shot,Jump Shot,1,2,392
0021700010,559,PT04M31.00S,4,1610612743,DEN,203115,Barton,W. Barton,0,0,0,,0,,,0,v,Barton BLOCK (1 BLK),,,1,2,393
0021700010,561,PT04M28.00S,4,1610612743,DEN,200794,Millsap,P. Millsap,0,0,0,,0,,,0,v,Millsap REBOUND (Off:1 Def:5),Rebound,Unknown,1,0,394
0021700010,562,PT04M24.00S,4,1610612743,DEN,200794,Millsap,P. Millsap,-105,227,25,Missed,1,,,0,v,MISS Millsap 25' 3PT Jump Shot,Missed Shot,Jump Shot,1,3,395
0021700010,563,PT04M21.00S,4,1610612762,UTA,203497,Gobert,R. Gobert,0,0,0,,0,,,0,h,Gobert REBOUND (Off:2 Def:7),Rebound,Unknown,1,0,396
0021700010,564,PT04M04.00S,4,1610612762,UTA,202324,Favors,D. Favors,-76,147,17,Missed,1,,,0,h,MISS Favors 17' Jump Shot,Missed Shot,Jump Shot,1,2,397
0021700010,565,PT03M58.00S,4,1610612762,UTA,203497,Gobert,R. Gobert,0,0,0,,0,,,0,h,Gobert REBOUND (Off:3 Def:7),Rebound,Unknown,1,0,398
0021700010,566,PT03M58.00S,4,1610612762,UTA,203497,Gobert,R. Gobert,0,-6,1,Missed,1,,,0,h,MISS Gobert 1' Tip Layup Shot,Missed Shot,Tip Layup Shot,1,2,399
0021700010,567,PT03M57.00S,4,1610612743,DEN,201163,Chandler,W. Chandler,0,0,0,,0,,,0,v,Chandler REBOUND (Off:1 Def:1),Rebound,Unknown,1,0,400
0021700010,568,PT03M47.00S,4,1610612743,DEN,201163,Chandler,W. Chandler,-170,190,25,Missed,1,,,0,v,MISS Chandler 25' 3PT Jump Shot,Missed Shot,Jump Shot,1,3,401
0021700010,569,PT03M45.00S,4,1610612762,UTA,201937,Rubio,R. Rubio,0,0,0,,0,,,0,h,Rubio REBOUND (Off:0 Def:4),Rebound,Unknown,1,0,402
0021700010,570,PT03M44.00S,4,1610612762,UTA,200757,Sefolosha,T. Sefolosha,11,6,1,Made,1,103,88,191,h,Sefolosha 1' Running Layup (4 PTS) (Rubio 10 AST),Made Shot,Running Layup Shot,1,2,403
0021700010,572,PT03M44.00S,4,1610612743,DEN,203914,Harris,G. Harris,0,0,0,,0,,,0,v,Harris S.FOUL (P2.PN) (J.Sterling),Foul,Shooting,1,0,404
0021700010,574,PT03M44.00S,4,1610612762,UTA,200757,Sefolosha,T. Sefolosha,0,0,0,,0,104,88,192,h,Sefolosha Free Throw 1 of 1 (5 PTS),Free Throw,Free Throw 1 of 1,0,0,405
0021700010,575,PT03M40.00S,4,1610612743,DEN,203999,Jokić,N. Jokić,0,0,0,,0,,,0,v,Jokic OFF.Foul (P1) (S.Foster),Foul,Offensive,1,0,406
0021700010,577,PT03M40.00S,4,1610612743,DEN,203999,Jokić,N. Jokić,0,0,0,,0,,,0,v,Jokic Offensive Foul Turnover (P4.T18),Turnover,Offensive Foul Turnover,1,0,407
0021700010,578,PT03M40.00S,4,0,,1610612762,,,0,0,0,,0,,,0,h,JAZZ Timeout: Regular (Full 5 Short 0),Timeout,Regular,0,0,408
0021700010,579,PT03M18.00S,4,1610612762,UTA,203497,Gobert,R. Gobert,0,0,0,,0,,,0,h,Gobert Traveling Turnover (P6.T14),Turnover,Traveling,1,0,409
0021700010,580,PT03M10.00S,4,1610612743,DEN,203115,Barton,W. Barton,0,0,0,,0,,,0,v,Barton Bad Pass Turnover (P3.T19),Turnover,Bad Pass,1,0,410
0021700010,580,PT03M10.00S,4,1610612762,UTA,200757,Sefolosha,T. Sefolosha,0,0,0,,0,,,0,h,Sefolosha STEAL (2 STL),,,1,0,411
0021700010,582,PT02M54.00S,4,1610612762,UTA,202324,Favors,D. Favors,41,119,13,Missed,1,,,0,h,MISS Favors 13' Jump Shot,Missed Shot,Jump Shot,1,2,412
0021700010,583,PT02M51.00S,4,1610612743,DEN,203999,Jokić,N. Jokić,0,0,0,,0,,,0,v,Jokic REBOUND (Off:0 Def:10),Rebound,Unknown,1,0,413
0021700010,584,PT02M42.00S,4,1610612743,DEN,203115,Barton,W. Barton,-74,167,18,Made,1,104,90,194,v,Barton 18' Jump Shot (23 PTS),Made Shot,Jump Shot,1,2,414
0021700010,585,PT02M16.00S,4,1610612762,UTA,201937,Rubio,R. Rubio,-85,229,24,Missed,1,,,0,h,MISS Rubio 24' 3PT Jump Shot,Missed Shot,Jump Shot,1,3,415
0021700010,586,PT02M14.00S,4,1610612743,DEN,203999,Jokić,N. Jokić,0,0,0,,0,,,0,v,Jokic REBOUND (Off:0 Def:11),Rebound,Unknown,1,0,416
0021700010,587,PT01M58.00S,4,1610612743,DEN,200794,Millsap,P. Millsap,0,0,0,,0,,,0,v,Millsap Lost Ball Turnover (P5.T20),Turnover,Lost Ball,1,0,417
0021700010,587,PT01M58.00S,4,1610612762,UTA,202324,Favors,D. Favors,0,0,0,,0,,,0,h,Favors STEAL (1 STL),,,1,0,418
0021700010,589,PT01M55.00S,4,1610612762,UTA,200757,Sefolosha,T. Sefolosha,-20,21,3,Made,1,106,90,196,h,Sefolosha 3' Running Layup (7 PTS) (Favors 4 AST),Made Shot,Running Layup Shot,1,2,419
0021700010,591,PT01M39.00S,4,1610612743,DEN,203115,Barton,W. Barton,26,147,15,Missed,1,,,0,v,MISS Barton 15' Jump Shot,Missed Shot,Jump Shot,1,2,420
0021700010,592,PT01M36.00S,4,1610612762,UTA,201937,Rubio,R. Rubio,0,0,0,,0,,,0,h,Rubio REBOUND (Off:0 Def:5),Rebound,Unknown,1,0,421
0021700010,593,PT01M31.00S,4,1610612762,UTA,202324,Favors,D. Favors,-14,15,2,Missed,1,,,0,h,MISS Favors 2' Layup,Missed Shot,Layup Shot,1,2,422
0021700010,594,PT01M31.00S,4,1610612743,DEN,203999,Jokić,N. Jokić,0,0,0,,0,,,0,v,Jokic REBOUND (Off:0 Def:12),Rebound,Unknown,1,0,423
0021700010,595,PT01M31.00S,4,0,,1610612743,,,0,0,0,,0,,,0,v,Nuggets Timeout: Regular (Reg.7 Short 0),Timeout,Regular,0,0,424
0021700010,601,PT01M31.00S,4,1610612743,DEN,200794,Millsap,P. Millsap,0,0,0,,0,,,0,v,SUB: Lyles FOR Millsap,Substitution,,0,0,425
0021700010,602,PT01M31.00S,4,1610612743,DEN,203115,Barton,W. Barton,0,0,0,,0,,,0,v,SUB: Mudiay FOR Barton,Substitution,,0,0,426
0021700010,603,PT01M31.00S,4,1610612743,DEN,203914,Harris,G. Harris,0,0,0,,0,,,0,v,SUB: Hernangomez FOR Harris,Substitution,,0,0,427
0021700010,604,PT01M31.00S,4,1610612743,DEN,203999,Jokić,N. Jokić,0,0,0,,0,,,0,v,SUB: Murray FOR Jokic,Substitution,,0,0,428
0021700010,605,PT01M31.00S,4,1610612743,DEN,201163,Chandler,W. Chandler,0,0,0,,0,,,0,v,SUB: Beasley FOR Chandler,Substitution,,0,0,429
0021700010,606,PT01M09.00S,4,1610612743,DEN,1627736,Beasley,M. Beasley,0,0,0,,0,,,0,v,Beasley Lost Ball Turnover (P1.T21),Turnover,Lost Ball,1,0,430
0021700010,606,PT01M09.00S,4,1610612762,UTA,201937,Rubio,R. Rubio,0,0,0,,0,,,0,h,Rubio STEAL (2 STL),,,1,0,431
0021700010,608,PT00M47.60S,4,1610612762,UTA,200757,Sefolosha,T. Sefolosha,-13,14,2,Missed,1,,,0,h,MISS Sefolosha 2' Driving Layup,Missed Shot,Driving Layup Shot,1,2,432
0021700010,609,PT00M45.80S,4,1610612743,DEN,1627736,Beasley,M. Beasley,0,0,0,,0,,,0,v,Beasley REBOUND (Off:0 Def:1),Rebound,Unknown,1,0,433
0021700010,610,PT00M42.00S,4,1610612743,DEN,1626144,Mudiay,E. Mudiay,100,233,25,Made,1,106,93,199,v,Mudiay 25' 3PT Running Jump Shot (5 PTS) (Beasley 1 AST),Made Shot,Running Jump Shot,1,3,434
0021700010,612,PT00M24.10S,4,1610612762,UTA,201937,Rubio,R. Rubio,0,0,0,,0,,,0,h,Rubio OFF.Foul (P1) (J.Sterling),Foul,Offensive,1,0,435
0021700010,614,PT00M24.10S,4,1610612762,UTA,201937,Rubio,R. Rubio,0,0,0,,0,,,0,h,Rubio Offensive Foul Turnover (P3.T15),Turnover,Offensive Foul Turnover,1,0,436
0021700010,615,PT00M18.40S,4,1610612743,DEN,1626144,Mudiay,E. Mudiay,112,223,25,Made,1,106,96,202,v,Mudiay 25' 3PT Running Pull-Up Jump Shot (8 PTS),Made Shot,Running Pull-Up Jump Shot,1,3,437
0021700010,616,PT00M00.00S,4,0,,0,,,0,0,0,,0,106,96,202,,End of 4th Period (11:21 PM EST),period,end,1,0,438
