gameId,teamId,teamCity,teamName,teamTricode,teamSlug,personIdOff,firstNameOff,familyNameOff,nameIOff,playerSlugOff,positionOff,commentOff,jerseyNumOff,personIdDef,firstNameDef,familyNameDef,nameIDef,playerSlugDef,jerseyNumDef,matchupMinutes,matchupMinutesSort,partialPossessions,percentageDefenderTotalTime,percentageOffensiveTotalTime,percentageTotalTimeBothOn,switchesOn,playerPoints,teamPoints,matchupAssists,matchupPotentialAssists,matchupTurnovers,matchupBlocks,matchupFieldGoalsMade,matchupFieldGoalsAttempted,matchupFieldGoalsPercentage,matchupThreePointersMade,matchupThreePointersAttempted,matchupThreePointersPercentage,helpBlocks,helpFieldGoalsMade,helpFieldGoalsAttempted,helpFieldGoalsPercentage,matchupFreeThrowsMade,matchupFreeThrowsAttempted,shootingFouls
0022500981,1610612752,New York,Knicks,NYK,knicks,1628384,OG,Anunoby,O. Anunoby,og-anunoby,F,,8,1642502,Malevy,Leons,M. Leons,malevy-leons,33,1:36,96.2,6.3,0.198,0.145,0.469,0,0,14,0,0,0,0,0,0,0.0,0,0,0.0,0,0,0,0.0,0,0,0
0022500981,1610612752,New York,Knicks,NYK,knicks,1628384,OG,Anunoby,O. Anunoby,og-anunoby,F,,8,1627780,Gary,Payton II,G. Payton II,gary-payton-ii,0,0:25,25.4,2.7,0.04,0.038,0.053,0,2,6,0,0,0,0,0,0,0.0,0,0,0.0,0,0,0,0.0,2,2,1
0022500981,1610612752,New York,Knicks,NYK,knicks,1628384,OG,Anunoby,O. Anunoby,og-anunoby,F,,8,1641764,Brandin,Podziemski,B. Podziemski,brandin-podziemski,2,1:27,87.2,6.6,0.1,0.131,0.132,0,0,5,1,0,0,0,0,0,0.0,0,0,0.0,0,0,0,0.0,0,0,0
0022500981,1610612752,New York,Knicks,NYK,knicks,1628384,OG,Anunoby,O. Anunoby,og-anunoby,F,,8,1642366,Quinten,Post,Q. Post,quinten-post,21,1:45,105.2,9.0,0.127,0.159,0.172,0,2,10,0,0,1,0,0,2,0.0,0,2,0.0,0,0,0,0.0,2,2,1
0022500981,1610612752,New York,Knicks,NYK,knicks,1628384,OG,Anunoby,O. Anunoby,og-anunoby,F,,8,1642954,Will,Richard,W. Richard,will-richard,3,1:36,95.6,7.1,0.143,0.144,0.172,0,0,6,0,0,0,0,0,1,0.0,0,0,0.0,0,0,0,0.0,0,0,0
0022500981,1610612752,New York,Knicks,NYK,knicks,1628384,OG,Anunoby,O. Anunoby,og-anunoby,F,,8,1630611,Gui,Santos,G. Santos,gui-santos,15,1:58,118.2,9.7,0.164,0.178,0.282,0,5,10,0,0,0,0,1,1,1.0,1,1,1.0,0,0,0,0.0,2,2,0
0022500981,1610612752,New York,Knicks,NYK,knicks,1628384,OG,Anunoby,O. Anunoby,og-anunoby,F,,8,1630311,Pat,Spencer,P. Spencer,pat-spencer,61,1:11,71.2,6.7,0.143,0.107,0.496,0,2,11,0,0,0,0,1,1,1.0,0,0,0.0,0,0,0,0.0,0,0,0
0022500981,1610612752,New York,Knicks,NYK,knicks,1628384,OG,Anunoby,O. Anunoby,og-anunoby,F,,8,1631466,Nate,Williams,N. Williams,nate-williams,19,0:51,51.2,4.7,0.221,0.077,0.366,0,3,7,0,0,0,0,1,1,1.0,1,1,1.0,0,0,0,0.0,0,0,0
0022500981,1610612752,New York,Knicks,NYK,knicks,1628384,OG,Anunoby,O. Anunoby,og-anunoby,F,,8,1630209,Omer,Yurtseven,O. Yurtseven,omer-yurtseven,77,0:04,4.2,0.4,0.015,0.006,0.082,0,0,0,0,0,0,0,0,0,0.0,0,0,0.0,0,0,0,0.0,0,0,0
0022500981,1610612752,New York,Knicks,NYK,knicks,1628404,Josh,Hart,J. Hart,josh-hart,F,,3,1643018,LJ,Cryer,L. Cryer,lj-cryer,18,0:49,48.8,3.0,0.164,0.065,0.251,0,0,4,1,0,0,0,0,0,0.0,0,0,0.0,0,0,0,0.0,0,0,0
0022500981,1610612752,New York,Knicks,NYK,knicks,1628404,Josh,Hart,J. Hart,josh-hart,F,,3,1642502,Malevy,Leons,M. Leons,malevy-leons,33,0:45,44.6,2.6,0.092,0.06,0.149,0,0,1,0,0,0,0,0,0,0.0,0,0,0.0,0,0,0,0.0,0,0,0
0022500981,1610612752,New York,Knicks,NYK,knicks,1628404,Josh,Hart,J. Hart,josh-hart,F,,3,1627780,Gary,Payton II,G. Payton II,gary-payton-ii,0,1:25,85.2,7.8,0.133,0.114,0.18,0,0,12,2,0,0,0,0,0,0.0,0,0,0.0,0,0,0,0.0,0,0,0
0022500981,1610612752,New York,Knicks,NYK,knicks,1628404,Josh,Hart,J. Hart,josh-hart,F,,3,1641764,Brandin,Podziemski,B. Podziemski,brandin-podziemski,2,1:35,95.5,7.3,0.11,0.128,0.159,0,0,12,1,0,0,0,0,0,0.0,0,0,0.0,0,0,0,0.0,0,0,0
0022500981,1610612752,New York,Knicks,NYK,knicks,1628404,Josh,Hart,J. Hart,josh-hart,F,,3,1642366,Quinten,Post,Q. Post,quinten-post,21,2:08,127.9,9.6,0.155,0.171,0.255,0,7,20,1,0,0,2,3,6,0.5,1,1,1.0,0,0,0,0.0,0,0,0
0022500981,1610612752,New York,Knicks,NYK,knicks,1628404,Josh,Hart,J. Hart,josh-hart,F,,3,1642954,Will,Richard,W. Richard,will-richard,3,1:16,76.2,5.1,0.114,0.102,0.168,0,0,9,0,0,0,0,0,0,0.0,0,0,0.0,0,0,0,0.0,0,0,0
0022500981,1610612752,New York,Knicks,NYK,knicks,1628404,Josh,Hart,J. Hart,josh-hart,F,,3,1630611,Gui,Santos,G. Santos,gui-santos,15,2:32,151.7,11.6,0.211,0.203,0.346,0,0,14,1,0,0,0,0,1,0.0,0,0,0.0,0,0,0,0.0,0,0,0
0022500981,1610612752,New York,Knicks,NYK,knicks,1628404,Josh,Hart,J. Hart,josh-hart,F,,3,1630311,Pat,Spencer,P. Spencer,pat-spencer,61,1:05,65.3,5.4,0.131,0.087,0.22,0,0,9,0,0,0,0,0,0,0.0,0,0,0.0,0,0,0,0.0,0,0,0
0022500981,1610612752,New York,Knicks,NYK,knicks,1628404,Josh,Hart,J. Hart,josh-hart,F,,3,1631466,Nate,Williams,N. Williams,nate-williams,19,0:26,26.2,3.0,0.113,0.035,0.113,0,0,6,0,0,0,0,0,0,0.0,0,0,0.0,0,0,0,0.0,0,0,0
0022500981,1610612752,New York,Knicks,NYK,knicks,1628404,Josh,Hart,J. Hart,josh-hart,F,,3,1630209,Omer,Yurtseven,O. Yurtseven,omer-yurtseven,77,0:27,26.5,1.9,0.097,0.035,0.109,0,0,2,0,0,0,0,0,0,0.0,0,0,0.0,0,0,0,0.0,0,0,0
0022500981,1610612752,New York,Knicks,NYK,knicks,1626157,Karl-Anthony,Towns,K. Towns,karl-anthony-towns,C,,32,1643018,LJ,Cryer,L. Cryer,lj-cryer,18,0:02,2.0,0.1,0.007,0.003,0.018,0,0,0,0,0,0,0,0,0,0.0,0,0,0.0,0,0,0,0.0,0,0,0
0022500981,1610612752,New York,Knicks,NYK,knicks,1626157,Karl-Anthony,Towns,K. Towns,karl-anthony-towns,C,,32,1642502,Malevy,Leons,M. Leons,malevy-leons,33,0:31,30.9,2.8,0.064,0.044,0.12,0,0,2,0,0,1,0,0,0,0.0,0,0,0.0,0,0,0,0.0,0,0,0
0022500981,1610612752,New York,Knicks,NYK,knicks,1626157,Karl-Anthony,Towns,K. Towns,karl-anthony-towns,C,,32,1627780,Gary,Payton II,G. Payton II,gary-payton-ii,0,0:57,57.0,5.7,0.089,0.082,0.14,0,2,14,0,0,0,0,1,1,1.0,0,0,0.0,0,0,0,0.0,0,0,0
0022500981,1610612752,New York,Knicks,NYK,knicks,1626157,Karl-Anthony,Towns,K. Towns,karl-anthony-towns,C,,32,1641764,Brandin,Podziemski,B. Podziemski,brandin-podziemski,2,1:30,90.0,7.0,0.104,0.129,0.142,0,2,8,0,0,0,0,1,2,0.5,0,0,0.0,0,0,0,0.0,0,0,0
0022500981,1610612752,New York,Knicks,NYK,knicks,1626157,Karl-Anthony,Towns,K. Towns,karl-anthony-towns,C,,32,1642366,Quinten,Post,Q. Post,quinten-post,21,5:03,303.0,22.5,0.366,0.436,0.505,0,6,20,1,0,1,0,3,7,0.429,0,1,0.0,0,0,0,0.0,0,0,0
0022500981,1610612752,New York,Knicks,NYK,knicks,1626157,Karl-Anthony,Towns,K. Towns,karl-anthony-towns,C,,32,1642954,Will,Richard,W. Richard,will-richard,3,0:42,42.1,4.5,0.063,0.061,0.079,0,2,8,1,0,0,0,0,0,0.0,0,0,0.0,0,0,0,0.0,2,2,1
0022500981,1610612752,New York,Knicks,NYK,knicks,1626157,Karl-Anthony,Towns,K. Towns,karl-anthony-towns,C,,32,1630611,Gui,Santos,G. Santos,gui-santos,15,2:16,135.6,8.6,0.189,0.195,0.288,0,2,16,1,0,1,0,1,2,0.5,0,0,0.0,0,0,0,0.0,0,0,0
0022500981,1610612752,New York,Knicks,NYK,knicks,1626157,Karl-Anthony,Towns,K. Towns,karl-anthony-towns,C,,32,1630311,Pat,Spencer,P. Spencer,pat-spencer,61,0:12,12.2,1.4,0.025,0.018,0.055,0,2,5,0,0,0,0,1,1,1.0,0,0,0.0,0,0,0,0.0,0,0,0
0022500981,1610612752,New York,Knicks,NYK,knicks,1626157,Karl-Anthony,Towns,K. Towns,karl-anthony-towns,C,,32,1631466,Nate,Williams,N. Williams,nate-williams,19,0:26,25.8,3.8,0.112,0.037,0.17,0,0,2,0,0,0,0,0,1,0.0,0,1,0.0,0,0,0,0.0,0,0,0
0022500981,1610612752,New York,Knicks,NYK,knicks,1626157,Karl-Anthony,Towns,K. Towns,karl-anthony-towns,C,,32,1630209,Omer,Yurtseven,O. Yurtseven,omer-yurtseven,77,1:01,61.4,4.2,0.224,0.088,0.651,0,2,7,0,0,0,0,1,1,1.0,0,0,0.0,0,0,0,0.0,0,0,0
0022500981,1610612752,New York,Knicks,NYK,knicks,1628969,Mikal,Bridges,M. Bridges,mikal-bridges,G,,25,1642502,Malevy,Leons,M. Leons,malevy-leons,33,0:09,9.0,0.5,0.019,0.02,0.05,0,0,0,0,0,0,0,0,0,0.0,0,0,0.0,0,0,0,0.0,0,0,0
0022500981,1610612752,New York,Knicks,NYK,knicks,1628969,Mikal,Bridges,M. Bridges,mikal-bridges,G,,25,1627780,Gary,Payton II,G. Payton II,gary-payton-ii,0,1:22,81.8,8.2,0.128,0.18,0.295,0,0,6,0,0,0,0,0,2,0.0,0,2,0.0,0,0,0,0.0,0,0,0
0022500981,1610612752,New York,Knicks,NYK,knicks,1628969,Mikal,Bridges,M. Bridges,mikal-bridges,G,,25,1641764,Brandin,Podziemski,B. Podziemski,brandin-podziemski,2,1:53,112.8,9.4,0.13,0.248,0.271,0,2,23,1,0,0,0,1,2,0.5,0,0,0.0,0,0,0,0.0,0,0,0
0022500981,1610612752,New York,Knicks,NYK,knicks,1628969,Mikal,Bridges,M. Bridges,mikal-bridges,G,,25,1642366,Quinten,Post,Q. Post,quinten-post,21,0:23,23.4,1.4,0.028,0.051,0.061,0,0,3,1,0,0,0,0,2,0.0,0,1,0.0,0,0,0,0.0,0,0,0
0022500981,1610612752,New York,Knicks,NYK,knicks,1628969,Mikal,Bridges,M. Bridges,mikal-bridges,G,,25,1642954,Will,Richard,W. Richard,will-richard,3,2:00,120.3,9.5,0.18,0.264,0.324,0,0,6,0,0,0,0,0,0,0.0,0,0,0.0,0,0,0,0.0,0,0,0
0022500981,1610612752,New York,Knicks,NYK,knicks,1628969,Mikal,Bridges,M. Bridges,mikal-bridges,G,,25,1630611,Gui,Santos,G. Santos,gui-santos,15,0:34,33.8,2.6,0.047,0.074,0.128,0,0,3,0,0,0,0,0,0,0.0,0,0,0.0,0,0,0,0.0,0,0,0
0022500981,1610612752,New York,Knicks,NYK,knicks,1628969,Mikal,Bridges,M. Bridges,mikal-bridges,G,,25,1630311,Pat,Spencer,P. Spencer,pat-spencer,61,0:23,22.8,2.4,0.046,0.05,0.151,0,2,2,0,0,0,0,1,4,0.25,0,1,0.0,0,0,0,0.0,0,0,0
0022500981,1610612752,New York,Knicks,NYK,knicks,1628969,Mikal,Bridges,M. Bridges,mikal-bridges,G,,25,1631466,Nate,Williams,N. Williams,nate-williams,19,0:11,10.7,1.0,0.046,0.024,0.071,0,2,2,0,0,0,0,1,2,0.5,0,1,0.0,0,0,0,0.0,0,0,0
0022500981,1610612752,New York,Knicks,NYK,knicks,1628969,Mikal,Bridges,M. Bridges,mikal-bridges,G,,25,1630209,Omer,Yurtseven,O. Yurtseven,omer-yurtseven,77,0:05,5.1,1.2,0.019,0.011,0.069,0,0,0,0,0,0,0,0,0,0.0,0,0,0.0,0,0,0,0.0,0,0,0
0022500981,1610612752,New York,Knicks,NYK,knicks,1628973,Jalen,Brunson,J. Brunson,jalen-brunson,G,,11,1643018,LJ,Cryer,L. Cryer,lj-cryer,18,1:05,64.5,5.2,0.216,0.076,0.287,0,0,4,1,0,0,0,0,2,0.0,0,0,0.0,0,0,0,0.0,0,0,0
0022500981,1610612752,New York,Knicks,NYK,knicks,1628973,Jalen,Brunson,J. Brunson,jalen-brunson,G,,11,1642502,Malevy,Leons,M. Leons,malevy-leons,33,2:25,145.4,10.7,0.3,0.171,0.334,0,2,6,2,0,1,0,1,2,0.5,0,1,0.0,0,0,0,0.0,0,0,0
0022500981,1610612752,New York,Knicks,NYK,knicks,1628973,Jalen,Brunson,J. Brunson,jalen-brunson,G,,11,1627780,Gary,Payton II,G. Payton II,gary-payton-ii,0,3:51,231.2,17.8,0.361,0.271,0.481,0,2,19,3,0,1,0,1,2,0.5,0,0,0.0,0,0,0,0.0,0,0,0
0022500981,1610612752,New York,Knicks,NYK,knicks,1628973,Jalen,Brunson,J. Brunson,jalen-brunson,G,,11,1641764,Brandin,Podziemski,B. Podziemski,brandin-podziemski,2,2:01,120.6,9.8,0.139,0.141,0.187,0,3,13,0,0,1,0,1,2,0.5,1,1,1.0,0,0,0,0.0,0,0,0
0022500981,1610612752,New York,Knicks,NYK,knicks,1628973,Jalen,Brunson,J. Brunson,jalen-brunson,G,,11,1642366,Quinten,Post,Q. Post,quinten-post,21,0:55,55.2,5.6,0.067,0.065,0.094,0,6,8,2,0,0,0,3,5,0.6,0,2,0.0,0,0,0,0.0,0,0,0
0022500981,1610612752,New York,Knicks,NYK,knicks,1628973,Jalen,Brunson,J. Brunson,jalen-brunson,G,,11,1642954,Will,Richard,W. Richard,will-richard,3,1:05,65.3,4.0,0.098,0.077,0.139,0,4,10,0,0,0,0,1,3,0.333,0,2,0.0,0,0,0,0.0,2,2,1
0022500981,1610612752,New York,Knicks,NYK,knicks,1628973,Jalen,Brunson,J. Brunson,jalen-brunson,G,,11,1630611,Gui,Santos,G. Santos,gui-santos,15,0:52,52.4,5.8,0.073,0.061,0.096,0,4,8,0,0,0,0,2,3,0.667,0,0,0.0,0,0,0,0.0,0,0,0
0022500981,1610612752,New York,Knicks,NYK,knicks,1628973,Jalen,Brunson,J. Brunson,jalen-brunson,G,,11,1630311,Pat,Spencer,P. Spencer,pat-spencer,61,0:44,44.0,3.5,0.089,0.052,0.116,0,2,4,1,0,0,0,0,1,0.0,0,0,0.0,0,0,0,0.0,2,2,1
0022500981,1610612752,New York,Knicks,NYK,knicks,1628973,Jalen,Brunson,J. Brunson,jalen-brunson,G,,11,1631466,Nate,Williams,N. Williams,nate-williams,19,1:04,63.8,5.6,0.276,0.075,0.276,0,2,5,0,0,0,0,0,1,0.0,0,1,0.0,0,0,0,0.0,2,2,1
0022500981,1610612752,New York,Knicks,NYK,knicks,1628973,Jalen,Brunson,J. Brunson,jalen-brunson,G,,11,1630209,Omer,Yurtseven,O. Yurtseven,omer-yurtseven,77,0:23,23.4,2.7,0.085,0.027,0.089,0,9,11,3,0,0,0,2,2,1.0,1,1,1.0,0,0,0,0.0,4,4,2
0022500981,1610612752,New York,Knicks,NYK,knicks,1642885,Mohamed,Diawara,M. Diawara,mohamed-diawara,,,51,1643018,LJ,Cryer,L. Cryer,lj-cryer,18,0:10,10.1,1.2,0.034,0.039,0.067,0,0,3,0,0,0,0,0,0,0.0,0,0,0.0,0,0,0,0.0,0,0,0
0022500981,1610612752,New York,Knicks,NYK,knicks,1642885,Mohamed,Diawara,M. Diawara,mohamed-diawara,,,51,1627780,Gary,Payton II,G. Payton II,gary-payton-ii,0,0:32,32.1,2.5,0.05,0.123,0.243,0,0,0,0,0,0,0,0,1,0.0,0,1,0.0,0,0,0,0.0,0,0,0
0022500981,1610612752,New York,Knicks,NYK,knicks,1642885,Mohamed,Diawara,M. Diawara,mohamed-diawara,,,51,1641764,Brandin,Podziemski,B. Podziemski,brandin-podziemski,2,0:05,4.6,0.3,0.005,0.018,0.042,0,0,0,0,0,0,0,0,0,0.0,0,0,0.0,0,0,0,0.0,0,0,0
0022500981,1610612752,New York,Knicks,NYK,knicks,1642885,Mohamed,Diawara,M. Diawara,mohamed-diawara,,,51,1642366,Quinten,Post,Q. Post,quinten-post,21,0:29,29.3,2.3,0.035,0.113,0.196,0,0,2,0,0,1,0,0,1,0.0,0,0,0.0,0,0,0,0.0,0,0,0
0022500981,1610612752,New York,Knicks,NYK,knicks,1642885,Mohamed,Diawara,M. Diawara,mohamed-diawara,,,51,1642954,Will,Richard,W. Richard,will-richard,3,0:30,30.0,2.3,0.045,0.115,0.356,0,0,2,0,0,0,0,0,0,0.0,0,0,0.0,0,0,0,0.0,0,0,0
0022500981,1610612752,New York,Knicks,NYK,knicks,1642885,Mohamed,Diawara,M. Diawara,mohamed-diawara,,,51,1630611,Gui,Santos,G. Santos,gui-santos,15,0:42,42.2,3.2,0.059,0.162,0.329,0,0,4,0,0,0,0,0,0,0.0,0,0,0.0,0,0,0,0.0,0,0,0
0022500981,1610612752,New York,Knicks,NYK,knicks,1642885,Mohamed,Diawara,M. Diawara,mohamed-diawara,,,51,1630311,Pat,Spencer,P. Spencer,pat-spencer,61,1:05,65.0,5.5,0.131,0.25,0.301,0,0,4,0,0,0,0,0,1,0.0,0,0,0.0,0,0,0,0.0,0,0,0
0022500981,1610612752,New York,Knicks,NYK,knicks,1642885,Mohamed,Diawara,M. Diawara,mohamed-diawara,,,51,1631466,Nate,Williams,N. Williams,nate-williams,19,0:16,16.2,1.0,0.07,0.062,0.178,0,3,3,0,0,0,0,1,1,1.0,1,1,1.0,0,0,0,0.0,0,0,0
0022500981,1610612752,New York,Knicks,NYK,knicks,1642885,Mohamed,Diawara,M. Diawara,mohamed-diawara,,,51,1630209,Omer,Yurtseven,O. Yurtseven,omer-yurtseven,77,0:08,7.9,0.8,0.029,0.03,0.071,0,0,0,0,0,0,0,0,0,0.0,0,0,0.0,0,0,0,0.0,0,0,0
0022500981,1610612752,New York,Knicks,NYK,knicks,1629011,Mitchell,Robinson,M. Robinson,mitchell-robinson,,,23,1643018,LJ,Cryer,L. Cryer,lj-cryer,18,0:11,11.4,1.0,0.038,0.03,0.062,0,0,0,0,0,0,0,0,0,0.0,0,0,0.0,0,0,0,0.0,0,0,0
0022500981,1610612752,New York,Knicks,NYK,knicks,1629011,Mitchell,Robinson,M. Robinson,mitchell-robinson,,,23,1642502,Malevy,Leons,M. Leons,malevy-leons,33,0:37,37.1,2.7,0.076,0.099,0.143,0,0,4,0,0,1,0,0,0,0.0,0,0,0.0,0,0,0,0.0,0,0,0
0022500981,1610612752,New York,Knicks,NYK,knicks,1629011,Mitchell,Robinson,M. Robinson,mitchell-robinson,,,23,1627780,Gary,Payton II,G. Payton II,gary-payton-ii,0,0:17,17.2,1.6,0.027,0.046,0.113,0,0,3,0,0,0,0,0,0,0.0,0,0,0.0,0,0,0,0.0,0,0,0
0022500981,1610612752,New York,Knicks,NYK,knicks,1629011,Mitchell,Robinson,M. Robinson,mitchell-robinson,,,23,1641764,Brandin,Podziemski,B. Podziemski,brandin-podziemski,2,0:20,20.1,1.6,0.023,0.054,0.114,0,0,0,0,0,0,0,0,0,0.0,0,0,0.0,0,0,0,0.0,0,0,0
0022500981,1610612752,New York,Knicks,NYK,knicks,1629011,Mitchell,Robinson,M. Robinson,mitchell-robinson,,,23,1642366,Quinten,Post,Q. Post,quinten-post,21,1:46,105.8,7.4,0.128,0.282,0.57,0,2,6,0,0,0,0,1,1,1.0,0,0,0.0,0,0,0,0.0,0,0,0
0022500981,1610612752,New York,Knicks,NYK,knicks,1629011,Mitchell,Robinson,M. Robinson,mitchell-robinson,,,23,1642954,Will,Richard,W. Richard,will-richard,3,0:18,17.6,1.0,0.026,0.047,0.217,0,0,0,0,0,0,0,0,0,0.0,0,0,0.0,0,0,0,0.0,0,0,0
0022500981,1610612752,New York,Knicks,NYK,knicks,1629011,Mitchell,Robinson,M. Robinson,mitchell-robinson,,,23,1630611,Gui,Santos,G. Santos,gui-santos,15,0:52,52.0,3.7,0.072,0.139,0.209,0,2,2,0,0,0,0,1,1,1.0,0,0,0.0,0,0,0,0.0,0,0,0
0022500981,1610612752,New York,Knicks,NYK,knicks,1629011,Mitchell,Robinson,M. Robinson,mitchell-robinson,,,23,1630311,Pat,Spencer,P. Spencer,pat-spencer,61,0:23,23.4,2.5,0.047,0.062,0.073,0,0,2,0,0,0,0,0,0,0.0,0,0,0.0,0,0,0,0.0,0,0,0
0022500981,1610612752,New York,Knicks,NYK,knicks,1629011,Mitchell,Robinson,M. Robinson,mitchell-robinson,,,23,1631466,Nate,Williams,N. Williams,nate-williams,19,0:08,8.1,0.8,0.035,0.022,0.102,0,0,2,0,0,0,0,0,0,0.0,0,0,0.0,0,0,0,0.0,0,0,0
0022500981,1610612752,New York,Knicks,NYK,knicks,1629011,Mitchell,Robinson,M. Robinson,mitchell-robinson,,,23,1630209,Omer,Yurtseven,O. Yurtseven,omer-yurtseven,77,2:06,126.1,11.1,0.46,0.336,0.665,0,0,7,0,0,0,0,0,0,0.0,0,0,0.0,0,0,0,0.0,0,0,0
0022500981,1610612752,New York,Knicks,NYK,knicks,1629013,Landry,Shamet,L. Shamet,landry-shamet,,,44,1643018,LJ,Cryer,L. Cryer,lj-cryer,18,1:26,85.8,6.8,0.287,0.133,0.3,0,2,9,0,0,0,0,1,1,1.0,0,0,0.0,0,0,0,0.0,0,0,0
0022500981,1610612752,New York,Knicks,NYK,knicks,1629013,Landry,Shamet,L. Shamet,landry-shamet,,,44,1642502,Malevy,Leons,M. Leons,malevy-leons,33,0:26,25.8,2.8,0.053,0.04,0.084,0,0,0,0,0,0,1,0,1,0.0,0,1,0.0,0,0,0,0.0,0,0,0
0022500981,1610612752,New York,Knicks,NYK,knicks,1629013,Landry,Shamet,L. Shamet,landry-shamet,,,44,1627780,Gary,Payton II,G. Payton II,gary-payton-ii,0,0:25,25.3,2.5,0.04,0.039,0.07,0,0,2,0,0,0,0,0,0,0.0,0,0,0.0,0,0,0,0.0,0,0,0
0022500981,1610612752,New York,Knicks,NYK,knicks,1629013,Landry,Shamet,L. Shamet,landry-shamet,,,44,1641764,Brandin,Podziemski,B. Podziemski,brandin-podziemski,2,2:53,173.1,13.0,0.199,0.268,0.382,0,0,11,0,0,0,0,0,3,0.0,0,2,0.0,0,0,0,0.0,0,0,0
0022500981,1610612752,New York,Knicks,NYK,knicks,1629013,Landry,Shamet,L. Shamet,landry-shamet,,,44,1642366,Quinten,Post,Q. Post,quinten-post,21,0:47,46.6,3.7,0.056,0.072,0.105,0,3,3,0,0,1,0,1,2,0.5,1,2,0.5,0,0,0,0.0,0,0,0
0022500981,1610612752,New York,Knicks,NYK,knicks,1629013,Landry,Shamet,L. Shamet,landry-shamet,,,44,1642954,Will,Richard,W. Richard,will-richard,3,1:36,95.8,7.1,0.143,0.148,0.323,0,3,11,0,0,1,0,1,3,0.333,1,3,0.333,0,0,0,0.0,0,0,0
0022500981,1610612752,New York,Knicks,NYK,knicks,1629013,Landry,Shamet,L. Shamet,landry-shamet,,,44,1630611,Gui,Santos,G. Santos,gui-santos,15,0:41,40.9,3.5,0.057,0.063,0.09,0,0,2,0,0,0,0,0,0,0.0,0,0,0.0,0,0,0,0.0,0,0,0
0022500981,1610612752,New York,Knicks,NYK,knicks,1629013,Landry,Shamet,L. Shamet,landry-shamet,,,44,1630311,Pat,Spencer,P. Spencer,pat-spencer,61,1:09,68.6,5.3,0.138,0.106,0.198,0,0,6,0,0,0,0,0,0,0.0,0,0,0.0,0,0,0,0.0,0,0,0
0022500981,1610612752,New York,Knicks,NYK,knicks,1629013,Landry,Shamet,L. Shamet,landry-shamet,,,44,1631466,Nate,Williams,N. Williams,nate-williams,19,0:29,29.2,2.0,0.126,0.045,0.366,0,0,3,0,0,0,0,0,1,0.0,0,1,0.0,0,0,0,0.0,0,0,0
0022500981,1610612752,New York,Knicks,NYK,knicks,1629013,Landry,Shamet,L. Shamet,landry-shamet,,,44,1630209,Omer,Yurtseven,O. Yurtseven,omer-yurtseven,77,0:03,2.6,0.3,0.009,0.004,0.013,0,0,0,0,0,0,0,0,0,0.0,0,0,0.0,0,0,0,0.0,0,0,0
0022500981,1610612752,New York,Knicks,NYK,knicks,1630631,Jose,Alvarado,J. Alvarado,jose-alvarado,,,5,1643018,LJ,Cryer,L. Cryer,lj-cryer,18,0:34,33.7,2.1,0.113,0.103,0.399,0,2,2,0,0,0,0,1,1,1.0,0,0,0.0,0,0,0,0.0,0,0,0
0022500981,1610612752,New York,Knicks,NYK,knicks,1630631,Jose,Alvarado,J. Alvarado,jose-alvarado,,,5,1642502,Malevy,Leons,M. Leons,malevy-leons,33,0:18,17.8,1.1,0.037,0.054,0.151,0,0,4,1,0,0,0,0,0,0.0,0,0,0.0,0,0,0,0.0,0,0,0
0022500981,1610612752,New York,Knicks,NYK,knicks,1630631,Jose,Alvarado,J. Alvarado,jose-alvarado,,,5,1627780,Gary,Payton II,G. Payton II,gary-payton-ii,0,0:19,19.2,1.4,0.03,0.059,0.121,0,0,0,1,0,0,0,0,0,0.0,0,0,0.0,0,0,0,0.0,0,0,0
0022500981,1610612752,New York,Knicks,NYK,knicks,1630631,Jose,Alvarado,J. Alvarado,jose-alvarado,,,5,1641764,Brandin,Podziemski,B. Podziemski,brandin-podziemski,2,1:26,85.6,7.9,0.099,0.261,0.284,0,0,11,1,0,0,0,0,1,0.0,0,0,0.0,0,0,0,0.0,0,0,0
0022500981,1610612752,New York,Knicks,NYK,knicks,1630631,Jose,Alvarado,J. Alvarado,jose-alvarado,,,5,1642366,Quinten,Post,Q. Post,quinten-post,21,0:20,20.0,1.9,0.024,0.061,0.065,0,2,2,0,0,0,0,1,1,1.0,0,0,0.0,0,0,0,0.0,0,0,0
0022500981,1610612752,New York,Knicks,NYK,knicks,1630631,Jose,Alvarado,J. Alvarado,jose-alvarado,,,5,1642954,Will,Richard,W. Richard,will-richard,3,1:30,89.6,8.9,0.134,0.273,0.353,0,0,10,1,0,0,0,0,0,0.0,0,0,0.0,0,0,0,0.0,0,0,0
0022500981,1610612752,New York,Knicks,NYK,knicks,1630631,Jose,Alvarado,J. Alvarado,jose-alvarado,,,5,1630611,Gui,Santos,G. Santos,gui-santos,15,0:46,45.5,3.1,0.063,0.139,0.179,0,0,0,0,0,0,0,0,0,0.0,0,0,0.0,0,0,0,0.0,0,0,0
0022500981,1610612752,New York,Knicks,NYK,knicks,1630631,Jose,Alvarado,J. Alvarado,jose-alvarado,,,5,1630311,Pat,Spencer,P. Spencer,pat-spencer,61,0:21,21.5,1.8,0.043,0.065,0.152,0,0,0,0,0,0,0,0,0,0.0,0,0,0.0,0,0,0,0.0,0,0,0
0022500981,1610612752,New York,Knicks,NYK,knicks,203903,Jordan,Clarkson,J. Clarkson,jordan-clarkson,,,00,1643018,LJ,Cryer,L. Cryer,lj-cryer,18,0:42,42.1,5.1,0.141,0.087,0.214,0,0,4,0,0,0,0,0,0,0.0,0,0,0.0,0,0,0,0.0,0,0,0
0022500981,1610612752,New York,Knicks,NYK,knicks,203903,Jordan,Clarkson,J. Clarkson,jordan-clarkson,,,00,1642502,Malevy,Leons,M. Leons,malevy-leons,33,1:18,78.4,6.0,0.162,0.161,0.33,0,2,7,0,0,0,0,1,2,0.5,0,0,0.0,0,0,0,0.0,0,0,0
0022500981,1610612752,New York,Knicks,NYK,knicks,203903,Jordan,Clarkson,J. Clarkson,jordan-clarkson,,,00,1627780,Gary,Payton II,G. Payton II,gary-payton-ii,0,1:05,65.5,5.1,0.102,0.135,0.234,0,3,5,0,0,0,0,1,1,1.0,1,1,1.0,0,0,0,0.0,0,0,0
0022500981,1610612752,New York,Knicks,NYK,knicks,203903,Jordan,Clarkson,J. Clarkson,jordan-clarkson,,,00,1641764,Brandin,Podziemski,B. Podziemski,brandin-podziemski,2,1:19,79.4,6.4,0.091,0.164,0.231,0,0,6,0,0,0,0,0,1,0.0,0,1,0.0,0,0,0,0.0,0,0,0
0022500981,1610612752,New York,Knicks,NYK,knicks,203903,Jordan,Clarkson,J. Clarkson,jordan-clarkson,,,00,1642366,Quinten,Post,Q. Post,quinten-post,21,0:11,10.9,0.8,0.013,0.022,0.03,0,2,4,0,0,0,0,1,1,1.0,0,0,0.0,0,0,0,0.0,0,0,0
0022500981,1610612752,New York,Knicks,NYK,knicks,203903,Jordan,Clarkson,J. Clarkson,jordan-clarkson,,,00,1642954,Will,Richard,W. Richard,will-richard,3,0:36,36.0,2.9,0.054,0.074,0.15,0,0,2,0,0,0,0,0,0,0.0,0,0,0.0,0,0,0,0.0,0,0,0
0022500981,1610612752,New York,Knicks,NYK,knicks,203903,Jordan,Clarkson,J. Clarkson,jordan-clarkson,,,00,1630611,Gui,Santos,G. Santos,gui-santos,15,0:47,47.2,4.6,0.066,0.097,0.126,0,5,10,0,0,0,0,2,3,0.667,0,0,0.0,0,0,0,0.0,1,1,1
0022500981,1610612752,New York,Knicks,NYK,knicks,203903,Jordan,Clarkson,J. Clarkson,jordan-clarkson,,,00,1630311,Pat,Spencer,P. Spencer,pat-spencer,61,1:43,103.5,6.7,0.208,0.213,0.383,0,4,8,0,0,0,0,2,3,0.667,0,0,0.0,0,0,0,0.0,0,0,0
0022500981,1610612752,New York,Knicks,NYK,knicks,203903,Jordan,Clarkson,J. Clarkson,jordan-clarkson,,,00,1630209,Omer,Yurtseven,O. Yurtseven,omer-yurtseven,77,0:17,16.7,1.0,0.061,0.034,0.135,0,0,0,0,0,0,0,0,1,0.0,0,0,0.0,0,0,0,0.0,0,0,0
0022500981,1610612744,Golden State,Warriors,GSW,warriors,1642502,Malevy,Leons,M. Leons,malevy-leons,F,,33,1630631,Jose,Alvarado,J. Alvarado,jose-alvarado,5,0:10,10.4,1.4,0.026,0.023,0.082,0,0,4,0,0,0,0,0,1,0.0,0,0,0.0,0,0,0,0.0,0,0,0
0022500981,1610612744,Golden State,Warriors,GSW,warriors,1642502,Malevy,Leons,M. Leons,malevy-leons,F,,33,1628384,OG,Anunoby,O. Anunoby,og-anunoby,8,0:25,24.7,2.3,0.034,0.053,0.142,0,2,6,0,0,0,0,1,1,1.0,0,0,0.0,0,0,0,0.0,0,0,0
0022500981,1610612744,Golden State,Warriors,GSW,warriors,1642502,Malevy,Leons,M. Leons,malevy-leons,F,,33,1628969,Mikal,Bridges,M. Bridges,mikal-bridges,25,0:10,10.0,0.8,0.019,0.022,0.054,0,0,3,0,0,0,1,0,2,0.0,0,1,0.0,0,0,0,0.0,0,0,0
0022500981,1610612744,Golden State,Warriors,GSW,warriors,1642502,Malevy,Leons,M. Leons,malevy-leons,F,,33,1628973,Jalen,Brunson,J. Brunson,jalen-brunson,11,3:34,213.8,17.6,0.251,0.462,0.566,0,0,15,0,0,0,0,0,1,0.0,0,0,0.0,0,0,0,0.0,0,0,0
0022500981,1610612744,Golden State,Warriors,GSW,warriors,1642502,Malevy,Leons,M. Leons,malevy-leons,F,,33,203903,Jordan,Clarkson,J. Clarkson,jordan-clarkson,00,0:39,38.8,3.1,0.069,0.084,0.155,0,0,4,1,0,0,0,0,0,0.0,0,0,0.0,0,0,0,0.0,0,0,0
0022500981,1610612744,Golden State,Warriors,GSW,warriors,1642502,Malevy,Leons,M. Leons,malevy-leons,F,,33,1642885,Mohamed,Diawara,M. Diawara,mohamed-diawara,51,0:31,31.1,1.8,0.122,0.067,0.215,0,0,4,0,0,0,0,0,0,0.0,0,0,0.0,0,0,0,0.0,0,0,0
0022500981,1610612744,Golden State,Warriors,GSW,warriors,1642502,Malevy,Leons,M. Leons,malevy-leons,F,,33,1628404,Josh,Hart,J. Hart,josh-hart,3,0:25,24.7,2.1,0.034,0.053,0.112,0,0,0,1,0,0,0,0,0,0.0,0,0,0.0,0,0,0,0.0,0,0,0
0022500981,1610612744,Golden State,Warriors,GSW,warriors,1642502,Malevy,Leons,M. Leons,malevy-leons,F,,33,1629011,Mitchell,Robinson,M. Robinson,mitchell-robinson,23,0:17,17.3,0.9,0.04,0.037,0.06,0,0,2,1,0,0,0,0,0,0.0,0,0,0.0,0,0,0,0.0,0,0,0
0022500981,1610612744,Golden State,Warriors,GSW,warriors,1642502,Malevy,Leons,M. Leons,malevy-leons,F,,33,1629013,Landry,Shamet,L. Shamet,landry-shamet,44,0:22,21.8,1.8,0.033,0.047,0.075,0,0,2,0,0,0,0,0,0,0.0,0,0,0.0,0,0,0,0.0,0,0,0
0022500981,1610612744,Golden State,Warriors,GSW,warriors,1642502,Malevy,Leons,M. Leons,malevy-leons,F,,33,1626157,Karl-Anthony,Towns,K. Towns,karl-anthony-towns,32,1:05,64.6,2.9,0.085,0.14,0.253,0,0,5,0,0,0,0,0,2,0.0,0,1,0.0,0,0,0,0.0,0,0,0
0022500981,1610612744,Golden State,Warriors,GSW,warriors,1630611,Gui,Santos,G. Santos,gui-santos,F,,15,1630631,Jose,Alvarado,J. Alvarado,jose-alvarado,5,0:53,53.4,3.6,0.133,0.065,0.157,0,0,2,1,0,0,0,0,0,0.0,0,0,0.0,0,0,0,0.0,0,0,0
0022500981,1610612744,Golden State,Warriors,GSW,warriors,1630611,Gui,Santos,G. Santos,gui-santos,F,,15,1628384,OG,Anunoby,O. Anunoby,og-anunoby,8,3:42,221.6,16.2,0.301,0.271,0.477,0,5,16,3,0,0,0,2,3,0.667,1,1,1.0,0,0,0,0.0,0,0,0
0022500981,1610612744,Golden State,Warriors,GSW,warriors,1630611,Gui,Santos,G. Santos,gui-santos,F,,15,1628969,Mikal,Bridges,M. Bridges,mikal-bridges,25,1:45,105.2,6.1,0.197,0.129,0.358,0,0,3,0,0,0,0,0,0,0.0,0,0,0.0,0,0,0,0.0,0,0,0
0022500981,1610612744,Golden State,Warriors,GSW,warriors,1630611,Gui,Santos,G. Santos,gui-santos,F,,15,1628973,Jalen,Brunson,J. Brunson,jalen-brunson,11,0:56,56.4,4.3,0.066,0.069,0.103,0,2,6,1,0,1,0,1,1,1.0,0,0,0.0,0,0,0,0.0,0,0,0
0022500981,1610612744,Golden State,Warriors,GSW,warriors,1630611,Gui,Santos,G. Santos,gui-santos,F,,15,203903,Jordan,Clarkson,J. Clarkson,jordan-clarkson,00,0:20,20.4,2.5,0.036,0.025,0.042,0,3,3,0,0,0,0,1,2,0.5,1,2,0.5,0,0,0,0.0,0,0,0
0022500981,1610612744,Golden State,Warriors,GSW,warriors,1630611,Gui,Santos,G. Santos,gui-santos,F,,15,1642885,Mohamed,Diawara,M. Diawara,mohamed-diawara,51,1:12,71.5,5.3,0.28,0.088,0.494,0,0,7,0,0,0,0,0,1,0.0,0,0,0.0,0,0,0,0.0,0,0,0
0022500981,1610612744,Golden State,Warriors,GSW,warriors,1630611,Gui,Santos,G. Santos,gui-santos,F,,15,1628404,Josh,Hart,J. Hart,josh-hart,3,2:21,140.6,9.7,0.194,0.172,0.332,0,6,15,0,0,1,0,3,3,1.0,0,0,0.0,0,0,0,0.0,0,0,0
0022500981,1610612744,Golden State,Warriors,GSW,warriors,1630611,Gui,Santos,G. Santos,gui-santos,F,,15,1629011,Mitchell,Robinson,M. Robinson,mitchell-robinson,23,0:33,33.5,3.0,0.078,0.041,0.1,0,0,3,0,0,1,1,0,1,0.0,0,1,0.0,0,0,0,0.0,0,0,0
0022500981,1610612744,Golden State,Warriors,GSW,warriors,1630611,Gui,Santos,G. Santos,gui-santos,F,,15,1629013,Landry,Shamet,L. Shamet,landry-shamet,44,1:20,80.0,5.4,0.121,0.098,0.15,0,4,9,1,0,1,0,1,2,0.5,0,0,0.0,0,0,0,0.0,2,2,1
0022500981,1610612744,Golden State,Warriors,GSW,warriors,1630611,Gui,Santos,G. Santos,gui-santos,F,,15,1626157,Karl-Anthony,Towns,K. Towns,karl-anthony-towns,32,0:30,29.8,2.8,0.039,0.036,0.058,0,2,9,1,0,1,0,1,1,1.0,0,0,0.0,0,0,0,0.0,0,0,0
0022500981,1610612744,Golden State,Warriors,GSW,warriors,1642366,Quinten,Post,Q. Post,quinten-post,C,,21,1630631,Jose,Alvarado,J. Alvarado,jose-alvarado,5,0:10,10.0,1.0,0.025,0.011,0.029,0,0,0,0,0,1,0,0,0,0.0,0,0,0.0,0,0,0,0.0,0,0,0
0022500981,1610612744,Golden State,Warriors,GSW,warriors,1642366,Quinten,Post,Q. Post,quinten-post,C,,21,1628384,OG,Anunoby,O. Anunoby,og-anunoby,8,3:59,239.1,18.8,0.325,0.27,0.371,0,8,22,0,0,0,0,3,7,0.429,2,6,0.333,0,0,0,0.0,0,0,0
0022500981,1610612744,Golden State,Warriors,GSW,warriors,1642366,Quinten,Post,Q. Post,quinten-post,C,,21,1628969,Mikal,Bridges,M. Bridges,mikal-bridges,25,0:22,22.3,2.3,0.042,0.025,0.054,0,2,13,1,0,0,0,1,1,1.0,0,0,0.0,0,0,0,0.0,0,0,0
0022500981,1610612744,Golden State,Warriors,GSW,warriors,1642366,Quinten,Post,Q. Post,quinten-post,C,,21,1628973,Jalen,Brunson,J. Brunson,jalen-brunson,11,0:32,32.3,2.4,0.038,0.036,0.054,0,0,4,0,0,0,0,0,1,0.0,0,1,0.0,0,0,0,0.0,0,0,0
0022500981,1610612744,Golden State,Warriors,GSW,warriors,1642366,Quinten,Post,Q. Post,quinten-post,C,,21,203903,Jordan,Clarkson,J. Clarkson,jordan-clarkson,00,0:29,29.2,1.9,0.052,0.033,0.069,0,2,2,0,0,0,0,1,2,0.5,0,0,0.0,0,0,0,0.0,0,0,0
0022500981,1610612744,Golden State,Warriors,GSW,warriors,1642366,Quinten,Post,Q. Post,quinten-post,C,,21,1642885,Mohamed,Diawara,M. Diawara,mohamed-diawara,51,0:12,12.3,1.3,0.048,0.014,0.081,0,0,0,0,0,0,0,0,0,0.0,0,0,0.0,0,0,0,0.0,0,0,0
0022500981,1610612744,Golden State,Warriors,GSW,warriors,1642366,Quinten,Post,Q. Post,quinten-post,C,,21,1628404,Josh,Hart,J. Hart,josh-hart,3,1:41,101.0,7.6,0.139,0.114,0.193,0,2,13,0,0,1,0,1,1,1.0,0,0,0.0,0,0,0,0.0,0,0,0
0022500981,1610612744,Golden State,Warriors,GSW,warriors,1642366,Quinten,Post,Q. Post,quinten-post,C,,21,1629011,Mitchell,Robinson,M. Robinson,mitchell-robinson,23,2:21,140.8,9.9,0.329,0.159,0.63,0,5,9,0,0,1,0,2,2,1.0,1,1,1.0,0,0,0,0.0,0,0,0
0022500981,1610612744,Golden State,Warriors,GSW,warriors,1642366,Quinten,Post,Q. Post,quinten-post,C,,21,1629013,Landry,Shamet,L. Shamet,landry-shamet,44,0:39,39.0,3.2,0.059,0.044,0.081,0,0,7,0,0,1,0,0,0,0.0,0,0,0.0,0,0,0,0.0,0,0,0
0022500981,1610612744,Golden State,Warriors,GSW,warriors,1642366,Quinten,Post,Q. Post,quinten-post,C,,21,1626157,Karl-Anthony,Towns,K. Towns,karl-anthony-towns,32,4:36,276.3,20.6,0.365,0.312,0.444,0,5,16,1,0,0,0,2,3,0.667,1,2,0.5,0,0,0,0.0,0,0,0
0022500981,1610612744,Golden State,Warriors,GSW,warriors,1641764,Brandin,Podziemski,B. Podziemski,brandin-podziemski,G,,2,1630631,Jose,Alvarado,J. Alvarado,jose-alvarado,5,1:35,95.1,7.7,0.236,0.105,0.288,0,3,10,0,0,0,0,1,2,0.5,1,1,1.0,0,0,0,0.0,0,0,0
0022500981,1610612744,Golden State,Warriors,GSW,warriors,1641764,Brandin,Podziemski,B. Podziemski,brandin-podziemski,G,,2,1628384,OG,Anunoby,O. Anunoby,og-anunoby,8,0:26,26.1,1.5,0.035,0.029,0.037,0,1,6,1,0,0,0,0,0,0.0,0,0,0.0,0,0,0,0.0,1,3,1
0022500981,1610612744,Golden State,Warriors,GSW,warriors,1641764,Brandin,Podziemski,B. Podziemski,brandin-podziemski,G,,2,1628969,Mikal,Bridges,M. Bridges,mikal-bridges,25,1:32,92.4,8.3,0.173,0.102,0.205,0,3,12,3,0,1,0,1,2,0.5,0,1,0.0,0,0,0,0.0,1,1,1
0022500981,1610612744,Golden State,Warriors,GSW,warriors,1641764,Brandin,Podziemski,B. Podziemski,brandin-podziemski,G,,2,1628973,Jalen,Brunson,J. Brunson,jalen-brunson,11,1:45,104.8,9.8,0.123,0.116,0.162,0,2,13,2,0,1,0,0,1,0.0,0,1,0.0,0,0,0,0.0,2,2,0
0022500981,1610612744,Golden State,Warriors,GSW,warriors,1641764,Brandin,Podziemski,B. Podziemski,brandin-podziemski,G,,2,203903,Jordan,Clarkson,J. Clarkson,jordan-clarkson,00,1:17,77.4,6.1,0.138,0.085,0.212,0,0,7,0,0,0,0,0,0,0.0,0,0,0.0,0,0,0,0.0,0,0,0
0022500981,1610612744,Golden State,Warriors,GSW,warriors,1641764,Brandin,Podziemski,B. Podziemski,brandin-podziemski,G,,2,1642885,Mohamed,Diawara,M. Diawara,mohamed-diawara,51,0:04,3.6,0.2,0.014,0.004,0.037,0,0,0,0,0,0,0,0,0,0.0,0,0,0.0,0,0,0,0.0,0,0,0
0022500981,1610612744,Golden State,Warriors,GSW,warriors,1641764,Brandin,Podziemski,B. Podziemski,brandin-podziemski,G,,2,1628404,Josh,Hart,J. Hart,josh-hart,3,3:40,220.3,17.3,0.304,0.243,0.346,0,3,11,1,0,1,0,0,1,0.0,0,1,0.0,0,0,0,0.0,3,3,1
0022500981,1610612744,Golden State,Warriors,GSW,warriors,1641764,Brandin,Podziemski,B. Podziemski,brandin-podziemski,G,,2,1629011,Mitchell,Robinson,M. Robinson,mitchell-robinson,23,0:06,6.1,0.5,0.014,0.007,0.034,0,0,0,0,0,1,0,0,1,0.0,0,1,0.0,0,0,0,0.0,0,0,0
0022500981,1610612744,Golden State,Warriors,GSW,warriors,1641764,Brandin,Podziemski,B. Podziemski,brandin-podziemski,G,,2,1629013,Landry,Shamet,L. Shamet,landry-shamet,44,3:18,198.0,14.2,0.3,0.219,0.434,0,2,12,0,0,0,0,1,2,0.5,0,1,0.0,0,0,0,0.0,0,0,0
0022500981,1610612744,Golden State,Warriors,GSW,warriors,1641764,Brandin,Podziemski,B. Podziemski,brandin-podziemski,G,,2,1626157,Karl-Anthony,Towns,K. Towns,karl-anthony-towns,32,1:13,73.2,6.4,0.097,0.081,0.111,0,11,18,0,0,0,0,5,8,0.625,1,2,0.5,0,0,0,0.0,0,0,0
0022500981,1610612744,Golden State,Warriors,GSW,warriors,1642954,Will,Richard,W. Richard,will-richard,G,,3,1630631,Jose,Alvarado,J. Alvarado,jose-alvarado,5,0:52,52.4,4.6,0.13,0.072,0.156,0,0,5,0,0,0,0,0,0,0.0,0,0,0.0,0,0,0,0.0,0,0,0
0022500981,1610612744,Golden State,Warriors,GSW,warriors,1642954,Will,Richard,W. Richard,will-richard,G,,3,1628384,OG,Anunoby,O. Anunoby,og-anunoby,8,0:22,22.2,3.2,0.03,0.031,0.04,0,0,0,0,0,0,0,0,0,0.0,0,0,0.0,0,0,0,0.0,0,0,0
0022500981,1610612744,Golden State,Warriors,GSW,warriors,1642954,Will,Richard,W. Richard,will-richard,G,,3,1628969,Mikal,Bridges,M. Bridges,mikal-bridges,25,2:58,178.2,14.4,0.334,0.246,0.426,0,2,14,0,0,0,0,1,1,1.0,0,0,0.0,0,0,0,0.0,0,0,0
0022500981,1610612744,Golden State,Warriors,GSW,warriors,1642954,Will,Richard,W. Richard,will-richard,G,,3,1628973,Jalen,Brunson,J. Brunson,jalen-brunson,11,1:23,82.8,7.0,0.097,0.114,0.184,0,0,13,0,0,1,0,0,0,0.0,0,0,0.0,0,0,0,0.0,0,0,0
0022500981,1610612744,Golden State,Warriors,GSW,warriors,1642954,Will,Richard,W. Richard,will-richard,G,,3,203903,Jordan,Clarkson,J. Clarkson,jordan-clarkson,00,1:58,118.3,6.9,0.212,0.163,0.396,0,0,7,0,0,0,0,0,0,0.0,0,0,0.0,0,0,0,0.0,0,0,0
0022500981,1610612744,Golden State,Warriors,GSW,warriors,1642954,Will,Richard,W. Richard,will-richard,G,,3,1642885,Mohamed,Diawara,M. Diawara,mohamed-diawara,51,0:53,53.2,4.7,0.208,0.073,0.617,0,0,6,0,0,0,0,0,0,0.0,0,0,0.0,0,0,0,0.0,0,0,0
0022500981,1610612744,Golden State,Warriors,GSW,warriors,1642954,Will,Richard,W. Richard,will-richard,G,,3,1628404,Josh,Hart,J. Hart,josh-hart,3,0:44,44.0,2.4,0.061,0.061,0.101,0,0,0,0,0,0,0,0,1,0.0,0,1,0.0,0,0,0,0.0,0,0,0
0022500981,1610612744,Golden State,Warriors,GSW,warriors,1642954,Will,Richard,W. Richard,will-richard,G,,3,1629011,Mitchell,Robinson,M. Robinson,mitchell-robinson,23,0:09,8.8,0.3,0.021,0.012,0.06,0,0,0,0,0,0,0,0,0,0.0,0,0,0.0,0,0,0,0.0,0,0,0
0022500981,1610612744,Golden State,Warriors,GSW,warriors,1642954,Will,Richard,W. Richard,will-richard,G,,3,1629013,Landry,Shamet,L. Shamet,landry-shamet,44,1:47,107.2,7.9,0.163,0.148,0.337,0,0,7,0,0,1,0,0,0,0.0,0,0,0.0,0,0,0,0.0,0,0,0
0022500981,1610612744,Golden State,Warriors,GSW,warriors,1642954,Will,Richard,W. Richard,will-richard,G,,3,1626157,Karl-Anthony,Towns,K. Towns,karl-anthony-towns,32,0:52,52.4,4.0,0.069,0.072,0.092,0,3,11,1,0,0,0,1,1,1.0,1,1,1.0,0,0,0,0.0,0,0,0
0022500981,1610612744,Golden State,Warriors,GSW,warriors,1627780,Gary,Payton II,G. Payton II,gary-payton-ii,,,0,1630631,Jose,Alvarado,J. Alvarado,jose-alvarado,5,0:23,23.4,1.9,0.058,0.036,0.137,0,0,3,1,0,0,0,0,0,0.0,0,0,0.0,0,0,0,0.0,0,0,0
0022500981,1610612744,Golden State,Warriors,GSW,warriors,1627780,Gary,Payton II,G. Payton II,gary-payton-ii,,,0,1628384,OG,Anunoby,O. Anunoby,og-anunoby,8,2:00,120.3,9.6,0.164,0.183,0.231,0,3,15,1,0,0,0,1,1,1.0,1,1,1.0,0,0,0,0.0,0,0,0
0022500981,1610612744,Golden State,Warriors,GSW,warriors,1627780,Gary,Payton II,G. Payton II,gary-payton-ii,,,0,1628969,Mikal,Bridges,M. Bridges,mikal-bridges,25,0:20,20.5,1.7,0.038,0.031,0.057,0,2,2,1,0,0,0,1,1,1.0,0,0,0.0,0,0,0,0.0,0,0,0
0022500981,1610612744,Golden State,Warriors,GSW,warriors,1627780,Gary,Payton II,G. Payton II,gary-payton-ii,,,0,1628973,Jalen,Brunson,J. Brunson,jalen-brunson,11,1:29,89.5,6.3,0.105,0.136,0.184,0,2,6,0,0,0,0,1,3,0.333,0,1,0.0,0,0,0,0.0,0,0,0
0022500981,1610612744,Golden State,Warriors,GSW,warriors,1627780,Gary,Payton II,G. Payton II,gary-payton-ii,,,0,203903,Jordan,Clarkson,J. Clarkson,jordan-clarkson,00,0:40,40.1,3.6,0.072,0.061,0.144,0,2,4,0,0,0,0,1,1,1.0,0,0,0.0,0,0,0,0.0,0,0,0
0022500981,1610612744,Golden State,Warriors,GSW,warriors,1627780,Gary,Payton II,G. Payton II,gary-payton-ii,,,0,1642885,Mohamed,Diawara,M. Diawara,mohamed-diawara,51,0:17,17.0,2.2,0.066,0.026,0.153,0,0,3,0,0,0,0,0,1,0.0,0,1,0.0,0,0,0,0.0,0,0,0
0022500981,1610612744,Golden State,Warriors,GSW,warriors,1627780,Gary,Payton II,G. Payton II,gary-payton-ii,,,0,1628404,Josh,Hart,J. Hart,josh-hart,3,1:36,96.5,8.4,0.133,0.147,0.203,0,6,12,0,0,0,0,3,3,1.0,0,0,0.0,0,0,0,0.0,0,0,0
0022500981,1610612744,Golden State,Warriors,GSW,warriors,1627780,Gary,Payton II,G. Payton II,gary-payton-ii,,,0,1629011,Mitchell,Robinson,M. Robinson,mitchell-robinson,23,0:41,40.8,3.2,0.095,0.062,0.299,0,0,0,0,0,0,0,0,0,0.0,0,0,0.0,0,0,0,0.0,0,0,0
0022500981,1610612744,Golden State,Warriors,GSW,warriors,1627780,Gary,Payton II,G. Payton II,gary-payton-ii,,,0,1629013,Landry,Shamet,L. Shamet,landry-shamet,44,0:38,38.0,2.5,0.058,0.058,0.123,0,0,2,0,0,0,0,0,0,0.0,0,0,0.0,0,0,0,0.0,0,0,0
0022500981,1610612744,Golden State,Warriors,GSW,warriors,1627780,Gary,Payton II,G. Payton II,gary-payton-ii,,,0,1626157,Karl-Anthony,Towns,K. Towns,karl-anthony-towns,32,2:50,170.3,13.6,0.225,0.259,0.388,0,5,11,1,0,0,1,2,4,0.5,1,2,0.5,0,0,0,0.0,0,0,0
0022500981,1610612744,Golden State,Warriors,GSW,warriors,1631466,Nate,Williams,N. Williams,nate-williams,,,19,1628384,OG,Anunoby,O. Anunoby,og-anunoby,8,0:21,21.0,1.6,0.029,0.088,0.114,0,2,2,0,0,0,0,1,2,0.5,0,0,0.0,0,0,0,0.0,0,0,0
0022500981,1610612744,Golden State,Warriors,GSW,warriors,1631466,Nate,Williams,N. Williams,nate-williams,,,19,1628969,Mikal,Bridges,M. Bridges,mikal-bridges,25,0:14,13.8,1.2,0.026,0.058,0.075,0,0,0,0,0,0,0,0,0,0.0,0,0,0.0,0,0,0,0.0,0,0,0
0022500981,1610612744,Golden State,Warriors,GSW,warriors,1631466,Nate,Williams,N. Williams,nate-williams,,,19,1628973,Jalen,Brunson,J. Brunson,jalen-brunson,11,2:15,135.0,10.9,0.159,0.565,0.565,0,0,6,0,0,1,0,0,1,0.0,0,0,0.0,0,0,0,0.0,0,0,0
0022500981,1610612744,Golden State,Warriors,GSW,warriors,1631466,Nate,Williams,N. Williams,nate-williams,,,19,1642885,Mohamed,Diawara,M. Diawara,mohamed-diawara,51,0:10,9.6,1.0,0.037,0.04,0.175,0,0,0,0,0,0,0,0,0,0.0,0,0,0.0,0,0,0,0.0,0,0,0
0022500981,1610612744,Golden State,Warriors,GSW,warriors,1631466,Nate,Williams,N. Williams,nate-williams,,,19,1628404,Josh,Hart,J. Hart,josh-hart,3,0:10,9.6,0.6,0.013,0.04,0.04,0,0,2,0,0,0,0,0,0,0.0,0,0,0.0,0,0,0,0.0,0,0,0
0022500981,1610612744,Golden State,Warriors,GSW,warriors,1631466,Nate,Williams,N. Williams,nate-williams,,,19,1629013,Landry,Shamet,L. Shamet,landry-shamet,44,0:31,31.4,3.6,0.048,0.132,0.575,0,0,5,0,0,0,0,0,0,0.0,0,0,0.0,0,0,0,0.0,0,0,0
0022500981,1610612744,Golden State,Warriors,GSW,warriors,1631466,Nate,Williams,N. Williams,nate-williams,,,19,1626157,Karl-Anthony,Towns,K. Towns,karl-anthony-towns,32,0:10,10.0,0.9,0.013,0.042,0.054,0,0,0,0,0,0,0,0,0,0.0,0,0,0.0,0,0,0,0.0,0,0,0
0022500981,1610612744,Golden State,Warriors,GSW,warriors,1643018,LJ,Cryer,L. Cryer,lj-cryer,,,18,1630631,Jose,Alvarado,J. Alvarado,jose-alvarado,5,0:51,51.5,3.9,0.128,0.145,0.465,0,0,2,0,0,0,0,0,1,0.0,0,1,0.0,0,0,0,0.0,0,0,0
0022500981,1610612744,Golden State,Warriors,GSW,warriors,1643018,LJ,Cryer,L. Cryer,lj-cryer,,,18,1628384,OG,Anunoby,O. Anunoby,og-anunoby,8,0:11,11.2,1.2,0.015,0.032,0.096,0,0,2,0,0,0,0,0,0,0.0,0,0,0.0,0,0,0,0.0,0,0,0
0022500981,1610612744,Golden State,Warriors,GSW,warriors,1643018,LJ,Cryer,L. Cryer,lj-cryer,,,18,1628973,Jalen,Brunson,J. Brunson,jalen-brunson,11,1:18,78.1,5.9,0.092,0.22,0.285,0,0,8,0,0,0,0,0,1,0.0,0,1,0.0,0,0,0,0.0,0,0,0
0022500981,1610612744,Golden State,Warriors,GSW,warriors,1643018,LJ,Cryer,L. Cryer,lj-cryer,,,18,203903,Jordan,Clarkson,J. Clarkson,jordan-clarkson,00,2:05,124.6,7.2,0.223,0.352,0.517,0,0,4,0,0,0,0,0,0,0.0,0,0,0.0,0,0,0,0.0,0,0,0
0022500981,1610612744,Golden State,Warriors,GSW,warriors,1643018,LJ,Cryer,L. Cryer,lj-cryer,,,18,1642885,Mohamed,Diawara,M. Diawara,mohamed-diawara,51,0:14,13.7,1.0,0.054,0.039,0.087,0,0,0,0,0,0,0,0,0,0.0,0,0,0.0,0,0,0,0.0,0,0,0
0022500981,1610612744,Golden State,Warriors,GSW,warriors,1643018,LJ,Cryer,L. Cryer,lj-cryer,,,18,1628404,Josh,Hart,J. Hart,josh-hart,3,0:13,12.7,2.0,0.018,0.036,0.063,0,0,0,0,0,0,0,0,0,0.0,0,0,0.0,0,0,0,0.0,0,0,0
0022500981,1610612744,Golden State,Warriors,GSW,warriors,1643018,LJ,Cryer,L. Cryer,lj-cryer,,,18,1629011,Mitchell,Robinson,M. Robinson,mitchell-robinson,23,0:08,7.9,0.5,0.018,0.022,0.036,0,3,3,0,0,0,0,1,1,1.0,1,1,1.0,0,0,0,0.0,0,0,0
0022500981,1610612744,Golden State,Warriors,GSW,warriors,1643018,LJ,Cryer,L. Cryer,lj-cryer,,,18,1629013,Landry,Shamet,L. Shamet,landry-shamet,44,0:46,46.2,4.6,0.07,0.131,0.131,0,0,2,0,0,1,0,0,0,0.0,0,0,0.0,0,0,0,0.0,0,0,0
0022500981,1610612744,Golden State,Warriors,GSW,warriors,1630311,Pat,Spencer,P. Spencer,pat-spencer,,,61,1630631,Jose,Alvarado,J. Alvarado,jose-alvarado,5,1:46,106.4,6.8,0.264,0.188,0.544,0,0,11,0,0,0,0,0,0,0.0,0,0,0.0,0,0,0,0.0,0,0,0
0022500981,1610612744,Golden State,Warriors,GSW,warriors,1630311,Pat,Spencer,P. Spencer,pat-spencer,,,61,1628384,OG,Anunoby,O. Anunoby,og-anunoby,8,0:23,23.1,2.0,0.031,0.041,0.11,0,0,3,0,0,0,0,0,0,0.0,0,0,0.0,0,0,0,0.0,0,0,0
0022500981,1610612744,Golden State,Warriors,GSW,warriors,1630311,Pat,Spencer,P. Spencer,pat-spencer,,,61,1628969,Mikal,Bridges,M. Bridges,mikal-bridges,25,1:23,82.6,6.2,0.155,0.146,0.339,0,0,7,1,0,0,0,0,0,0.0,0,0,0.0,0,0,0,0.0,0,0,0
0022500981,1610612744,Golden State,Warriors,GSW,warriors,1630311,Pat,Spencer,P. Spencer,pat-spencer,,,61,1628973,Jalen,Brunson,J. Brunson,jalen-brunson,11,0:47,47.0,2.5,0.055,0.083,0.123,0,4,6,0,0,0,0,2,3,0.667,0,0,0.0,0,0,0,0.0,0,0,0
0022500981,1610612744,Golden State,Warriors,GSW,warriors,1630311,Pat,Spencer,P. Spencer,pat-spencer,,,61,203903,Jordan,Clarkson,J. Clarkson,jordan-clarkson,00,1:42,101.7,7.4,0.182,0.18,0.325,0,0,3,0,0,0,0,0,1,0.0,0,0,0.0,0,0,0,0.0,0,0,0
0022500981,1610612744,Golden State,Warriors,GSW,warriors,1630311,Pat,Spencer,P. Spencer,pat-spencer,,,61,1642885,Mohamed,Diawara,M. Diawara,mohamed-diawara,51,0:41,41.4,4.2,0.162,0.073,0.184,0,0,2,1,0,0,0,0,1,0.0,0,0,0.0,0,0,0,0.0,0,0,0
0022500981,1610612744,Golden State,Warriors,GSW,warriors,1630311,Pat,Spencer,P. Spencer,pat-spencer,,,61,1628404,Josh,Hart,J. Hart,josh-hart,3,1:00,59.8,6.5,0.082,0.106,0.224,0,3,12,1,0,0,0,1,2,0.5,1,2,0.5,0,0,0,0.0,0,0,0
0022500981,1610612744,Golden State,Warriors,GSW,warriors,1630311,Pat,Spencer,P. Spencer,pat-spencer,,,61,1629011,Mitchell,Robinson,M. Robinson,mitchell-robinson,23,0:13,13.0,1.0,0.03,0.023,0.037,0,0,0,1,0,0,0,0,1,0.0,0,1,0.0,0,0,0,0.0,0,0,0
0022500981,1610612744,Golden State,Warriors,GSW,warriors,1630311,Pat,Spencer,P. Spencer,pat-spencer,,,61,1629013,Landry,Shamet,L. Shamet,landry-shamet,44,1:15,75.0,5.9,0.114,0.133,0.233,0,2,6,0,0,0,0,0,0,0.0,0,0,0.0,0,0,0,0.0,2,2,1
0022500981,1610612744,Golden State,Warriors,GSW,warriors,1630311,Pat,Spencer,P. Spencer,pat-spencer,,,61,1626157,Karl-Anthony,Towns,K. Towns,karl-anthony-towns,32,0:18,17.5,1.1,0.023,0.031,0.056,0,0,0,0,0,0,0,0,1,0.0,0,0,0.0,0,0,0,0.0,0,0,0
0022500981,1610612744,Golden State,Warriors,GSW,warriors,1630209,Omer,Yurtseven,O. Yurtseven,omer-yurtseven,,,77,1628384,OG,Anunoby,O. Anunoby,og-anunoby,8,0:26,26.0,1.7,0.035,0.088,0.288,0,0,2,0,0,0,0,0,0,0.0,0,0,0.0,0,0,0,0.0,0,0,0
0022500981,1610612744,Golden State,Warriors,GSW,warriors,1630209,Omer,Yurtseven,O. Yurtseven,omer-yurtseven,,,77,1628969,Mikal,Bridges,M. Bridges,mikal-bridges,25,0:09,8.7,0.9,0.016,0.029,0.073,0,0,2,0,0,0,0,0,0,0.0,0,0,0.0,0,0,0,0.0,0,0,0
0022500981,1610612744,Golden State,Warriors,GSW,warriors,1630209,Omer,Yurtseven,O. Yurtseven,omer-yurtseven,,,77,1628973,Jalen,Brunson,J. Brunson,jalen-brunson,11,0:12,11.8,1.3,0.014,0.04,0.047,0,0,0,0,0,0,1,0,1,0.0,0,0,0.0,0,0,0,0.0,0,0,0
0022500981,1610612744,Golden State,Warriors,GSW,warriors,1630209,Omer,Yurtseven,O. Yurtseven,omer-yurtseven,,,77,203903,Jordan,Clarkson,J. Clarkson,jordan-clarkson,00,0:09,8.7,0.3,0.016,0.029,0.062,0,0,0,0,0,0,0,0,0,0.0,0,0,0.0,0,0,0,0.0,0,0,0
0022500981,1610612744,Golden State,Warriors,GSW,warriors,1630209,Omer,Yurtseven,O. Yurtseven,omer-yurtseven,,,77,1642885,Mohamed,Diawara,M. Diawara,mohamed-diawara,51,0:02,2.1,0.2,0.008,0.007,0.02,0,0,0,0,0,0,0,0,0,0.0,0,0,0.0,0,0,0,0.0,0,0,0
0022500981,1610612744,Golden State,Warriors,GSW,warriors,1630209,Omer,Yurtseven,O. Yurtseven,omer-yurtseven,,,77,1628404,Josh,Hart,J. Hart,josh-hart,3,0:16,16.0,1.2,0.022,0.054,0.079,0,0,2,0,0,0,0,0,0,0.0,0,0,0.0,0,0,0,0.0,0,0,0
0022500981,1610612744,Golden State,Warriors,GSW,warriors,1630209,Omer,Yurtseven,O. Yurtseven,omer-yurtseven,,,77,1629011,Mitchell,Robinson,M. Robinson,mitchell-robinson,23,2:40,159.9,14.7,0.373,0.541,0.782,0,0,13,0,0,1,0,0,1,0.0,0,1,0.0,0,0,0,0.0,0,0,0
0022500981,1610612744,Golden State,Warriors,GSW,warriors,1630209,Omer,Yurtseven,O. Yurtseven,omer-yurtseven,,,77,1629013,Landry,Shamet,L. Shamet,landry-shamet,44,0:23,22.9,1.8,0.035,0.077,0.13,0,0,2,0,0,0,0,0,1,0.0,0,0,0.0,0,0,0,0.0,0,0,0
0022500981,1610612744,Golden State,Warriors,GSW,warriors,1630209,Omer,Yurtseven,O. Yurtseven,omer-yurtseven,,,77,1626157,Karl-Anthony,Towns,K. Towns,karl-anthony-towns,32,1:03,62.6,4.6,0.083,0.212,0.465,0,0,2,0,0,0,0,0,1,0.0,0,0,0.0,0,0,0,0.0,0,0,0
