gameId,teamId,teamCity,teamName,teamTricode,teamSlug,personId,firstName,familyName,nameI,playerSlug,position,comment,jerseyNum,matchupMinutes,partialPossessions,switchesOn,playerPoints,defensiveRebounds,matchupAssists,matchupTurnovers,steals,blocks,matchupFieldGoalsMade,matchupFieldGoalsAttempted,matchupFieldGoalPercentage,matchupThreePointersMade,matchupThreePointersAttempted,matchupThreePointerPercentage
0021701000,1610612739,Cleveland,Cavaliers,CLE,cavaliers,201145,Jeff,Green,J. Green,jeff-green,F,,32,8:30,45.9,0,29,3,3,2,0,1,10,16,0.625,4,5,0.8
0021701000,1610612739,Cleveland,Cavaliers,CLE,cavaliers,2544,LeBron,James,L. James,lebron-james,F,,23,11:55,64.2,0,5,8,1,3,1,1,2,3,0.667,1,2,0.5
0021701000,1610612739,Cleveland,Cavaliers,CLE,cavaliers,1626204,Larry,Nance Jr.,L. Nance Jr.,larry-nance-jr,C,,22,10:08,55.2,0,19,5,3,1,0,0,9,21,0.429,1,3,0.333
0021701000,1610612739,Cleveland,Cavaliers,CLE,cavaliers,2747,JR,Smith,J. Smith,jr-smith,G,,5,8:32,46.2,0,9,1,3,0,1,0,4,5,0.8,1,1,1.0
0021701000,1610612739,Cleveland,Cavaliers,CLE,cavaliers,201588,George,Hill,G. Hill,george-hill,G,,3,10:36,56.8,0,16,0,8,1,0,0,6,15,0.4,0,4,0.0
0021701000,1610612739,Cleveland,Cavaliers,CLE,cavaliers,1627790,Ante,Zizic,A. Zizic,ante-zizic,,,41,8:46,38.7,0,11,5,6,2,0,2,5,13,0.385,1,3,0.333
0021701000,1610612739,Cleveland,Cavaliers,CLE,cavaliers,2594,Kyle,Korver,K. Korver,kyle-korver,,,26,11:54,55.8,0,11,4,3,0,0,1,4,10,0.4,1,5,0.2
0021701000,1610612739,Cleveland,Cavaliers,CLE,cavaliers,203903,Jordan,Clarkson,J. Clarkson,jordan-clarkson,,,8,6:29,32.8,0,3,0,2,0,0,0,1,4,0.25,1,3,0.333
0021701000,1610612739,Cleveland,Cavaliers,CLE,cavaliers,101181,Jose,Calderon,J. Calderon,jose-calderon,,,81,8:51,40.1,0,17,1,3,2,1,0,7,10,0.7,1,1,1.0
0021701000,1610612739,Cleveland,Cavaliers,CLE,cavaliers,204066,John,Holland,J. Holland,john-holland,,,10,8:35,37.0,0,15,3,0,0,1,0,7,8,0.875,1,2,0.5
0021701000,1610612739,Cleveland,Cavaliers,CLE,cavaliers,1628506,London,Perrantes,L. Perrantes,london-perrantes,,,15,3:03,11.9,0,3,0,0,1,0,0,1,5,0.2,1,3,0.333
0021701000,1610612747,Los Angeles,Lakers,LAL,lakers,1628398,Kyle,Kuzma,K. Kuzma,kyle-kuzma,F,,0,15:39,82.1,0,22,9,0,2,0,0,8,14,0.571,1,3,0.333
0021701000,1610612747,Los Angeles,Lakers,LAL,lakers,203944,Julius,Randle,J. Randle,julius-randle,F,,30,15:40,79.2,0,10,8,5,2,1,2,4,12,0.333,2,6,0.333
0021701000,1610612747,Los Angeles,Lakers,LAL,lakers,201572,Brook,Lopez,B. Lopez,brook-lopez,C,,11,13:33,68.3,0,10,6,5,1,1,2,4,15,0.267,0,3,0.0
0021701000,1610612747,Los Angeles,Lakers,LAL,lakers,203484,Kentavious,Caldwell-Pope,K. Caldwell-Pope,kentavious-caldwell-pope,G,,1,15:10,76.9,0,18,4,6,0,2,0,8,15,0.533,2,6,0.333
0021701000,1610612747,Los Angeles,Lakers,LAL,lakers,1628366,Lonzo,Ball,L. Ball,lonzo-ball,G,,2,12:16,63.1,0,28,3,1,2,1,0,10,15,0.667,5,5,1.0
0021701000,1610612747,Los Angeles,Lakers,LAL,lakers,202738,Isaiah,Thomas,I. Thomas,isaiah-thomas,,,3,12:13,65.8,0,11,2,3,1,1,0,4,7,0.571,1,2,0.5
0021701000,1610612747,Los Angeles,Lakers,LAL,lakers,204037,Travis,Wear,T. Wear,travis-wear,,,21,4:36,25.1,0,2,2,1,1,0,0,1,4,0.25,0,2,0.0
0021701000,1610612747,Los Angeles,Lakers,LAL,lakers,1627936,Alex,Caruso,A. Caruso,alex-caruso,,,4,4:54,26.9,0,2,2,3,1,1,0,1,5,0.2,0,2,0.0
0021701000,1610612747,Los Angeles,Lakers,LAL,lakers,1627826,Ivica,Zubac,I. Zubac,ivica-zubac,,,40,2:14,12.0,0,8,1,0,0,2,0,2,2,1.0,1,1,1.0
0021701000,1610612747,Los Angeles,Lakers,LAL,lakers,202682,Derrick,Williams,D. Williams,derrick-williams,,,6,0:23,1.0,0,0,0,0,0,0,0,0,0,0.0,0,0,0.0
